timestamp_iso,elapsed_s,gpu_index,gpu_name,util_gpu_pct,util_mem_pct,mem_used_mib,mem_total_mib,power_w,power_limit_w,temp_c,sm_clock_mhz,mem_clock_mhz,fan_pct,tracked_pids,tracked_mem_used_mib,tracked_util_sm_pct
2026-06-15T16:47:05.436848+00:00,0.003,0,NVIDIA GeForce RTX 4070 SUPER,2,6,532.1,12282.0,6.77,220.0,42,210,405,0,,0.0,0
2026-06-15T16:47:06.424187+00:00,1.003,0,NVIDIA GeForce RTX 4070 SUPER,0,7,531.8,12282.0,6.82,220.0,42,210,405,0,,0.0,0
2026-06-15T16:47:07.424243+00:00,2.004,0,NVIDIA GeForce RTX 4070 SUPER,0,7,532.0,12282.0,6.81,220.0,42,210,405,0,,0.0,0
2026-06-15T16:47:08.424384+00:00,3.004,0,NVIDIA GeForce RTX 4070 SUPER,0,7,532.0,12282.0,6.82,220.0,42,210,405,0,,0.0,0
2026-06-15T16:47:09.424193+00:00,4.004,0,NVIDIA GeForce RTX 4070 SUPER,1,7,532.0,12282.0,6.81,220.0,42,210,405,0,,0.0,0
2026-06-15T16:47:10.423741+00:00,5.004,0,NVIDIA GeForce RTX 4070 SUPER,5,1,871.9,12282.0,17.34,220.0,43,2520,10251,0,1748,0.0,0
2026-06-15T16:47:11.424196+00:00,6.004,0,NVIDIA GeForce RTX 4070 SUPER,78,18,1706.0,12282.0,128.53,220.0,53,2760,10251,0,1748,0.0,0
2026-06-15T16:47:12.451730+00:00,7.005,0,NVIDIA GeForce RTX 4070 SUPER,93,22,2088.0,12282.0,156.56,220.0,62,2760,10251,0,1748,0.0,0
2026-06-15T16:47:13.431088+00:00,8.005,0,NVIDIA GeForce RTX 4070 SUPER,91,22,1696.3,12282.0,151.37,220.0,62,2760,10251,30,1748,0.0,0
2026-06-15T16:47:14.425239+00:00,9.005,0,NVIDIA GeForce RTX 4070 SUPER,90,22,1913.6,12282.0,146.73,220.0,62,2760,10251,30,1748,0.0,0
2026-06-15T16:47:15.468688+00:00,10.005,0,NVIDIA GeForce RTX 4070 SUPER,84,22,2929.6,12282.0,147.55,220.0,55,2745,10251,30,1748,0.0,0
2026-06-15T16:47:16.426060+00:00,11.006,0,NVIDIA GeForce RTX 4070 SUPER,22,10,12067.5,12282.0,104.73,220.0,65,2775,10251,30,1748,0.0,0
2026-06-15T16:47:17.431333+00:00,12.006,0,NVIDIA GeForce RTX 4070 SUPER,100,1,12068.4,12282.0,51.84,220.0,50,2775,10251,30,1748,0.0,0
2026-06-15T16:47:18.435223+00:00,13.006,0,NVIDIA GeForce RTX 4070 SUPER,100,1,12073.0,12282.0,53.3,220.0,50,2775,10251,30,1748,0.0,0
2026-06-15T16:47:19.433641+00:00,14.006,0,NVIDIA GeForce RTX 4070 SUPER,100,1,12082.9,12282.0,52.99,220.0,49,2775,10251,30,1748,0.0,0
2026-06-15T16:47:20.427656+00:00,15.007,0,NVIDIA GeForce RTX 4070 SUPER,100,2,9656.0,12282.0,52.44,220.0,49,2775,10251,30,1748,0.0,0
2026-06-15T16:47:21.427061+00:00,16.007,0,NVIDIA GeForce RTX 4070 SUPER,0,0,711.1,12282.0,38.93,220.0,48,2775,10251,33,1748,0.0,0
2026-06-15T16:47:22.427491+00:00,17.007,0,NVIDIA GeForce RTX 4070 SUPER,0,0,705.4,12282.0,35.1,220.0,47,2520,10251,34,1748,0.0,0
2026-06-15T16:47:23.428433+00:00,18.007,0,NVIDIA GeForce RTX 4070 SUPER,0,0,1921.7,12282.0,28.19,220.0,46,2520,10251,35,1748,0.0,0
2026-06-15T16:47:24.427783+00:00,19.007,0,NVIDIA GeForce RTX 4070 SUPER,100,53,7489.7,12282.0,181.59,220.0,64,2655,10251,35,1748,0.0,0
2026-06-15T16:47:25.464672+00:00,20.007,0,NVIDIA GeForce RTX 4070 SUPER,100,44,7489.7,12282.0,214.78,220.0,72,2745,10251,35,1748,0.0,0
2026-06-15T16:47:26.429199+00:00,21.008,0,NVIDIA GeForce RTX 4070 SUPER,100,42,7489.7,12282.0,212.04,220.0,74,2700,10251,36,1748,0.0,0
2026-06-15T16:47:27.429118+00:00,22.008,0,NVIDIA GeForce RTX 4070 SUPER,100,53,7489.3,12282.0,213.23,220.0,68,2670,10251,38,1748,0.0,0
2026-06-15T16:47:28.482456+00:00,23.008,0,NVIDIA GeForce RTX 4070 SUPER,100,51,7489.3,12282.0,212.95,220.0,74,2640,10251,40,1748,0.0,0
2026-06-15T16:47:29.458840+00:00,24.008,0,NVIDIA GeForce RTX 4070 SUPER,100,42,7487.8,12282.0,212.97,220.0,77,2655,10251,43,1748,0.0,0
2026-06-15T16:47:30.429611+00:00,25.008,0,NVIDIA GeForce RTX 4070 SUPER,100,42,7487.8,12282.0,213.69,220.0,75,2655,10251,45,1748,0.0,0
2026-06-15T16:47:31.429993+00:00,26.008,0,NVIDIA GeForce RTX 4070 SUPER,100,56,7487.8,12282.0,215.24,220.0,70,2640,10251,47,1748,0.0,0
2026-06-15T16:47:32.466474+00:00,27.008,0,NVIDIA GeForce RTX 4070 SUPER,100,46,7487.6,12282.0,216.35,220.0,76,2715,10251,48,1748,0.0,0
2026-06-15T16:47:33.442557+00:00,28.009,0,NVIDIA GeForce RTX 4070 SUPER,100,42,7487.3,12282.0,212.95,220.0,75,2715,10251,50,1748,0.0,0
2026-06-15T16:47:34.431295+00:00,29.009,0,NVIDIA GeForce RTX 4070 SUPER,100,44,7487.3,12282.0,214.04,220.0,76,2655,10251,51,1748,0.0,0
2026-06-15T16:47:35.428896+00:00,30.009,0,NVIDIA GeForce RTX 4070 SUPER,100,56,7487.3,12282.0,213.84,220.0,71,2640,10251,51,1748,0.0,0
2026-06-15T16:47:36.463041+00:00,31.009,0,NVIDIA GeForce RTX 4070 SUPER,100,47,7487.3,12282.0,215.29,220.0,77,2730,10251,52,1748,0.0,0
2026-06-15T16:47:37.442271+00:00,32.009,0,NVIDIA GeForce RTX 4070 SUPER,100,42,7487.3,12282.0,213.75,220.0,74,2670,10251,53,1748,0.0,0
2026-06-15T16:47:38.429221+00:00,33.009,0,NVIDIA GeForce RTX 4070 SUPER,100,43,7487.3,12282.0,213.24,220.0,78,2625,10251,55,1748,0.0,0
2026-06-15T16:47:39.430219+00:00,34.009,0,NVIDIA GeForce RTX 4070 SUPER,100,54,7487.3,12282.0,213.33,220.0,73,2625,10251,56,1748,0.0,0
2026-06-15T16:47:40.430168+00:00,35.01,0,NVIDIA GeForce RTX 4070 SUPER,100,52,7487.3,12282.0,214.94,220.0,76,2685,10251,57,1748,0.0,0
2026-06-15T16:47:41.434200+00:00,36.01,0,NVIDIA GeForce RTX 4070 SUPER,100,42,7487.3,12282.0,209.43,220.0,70,2715,10251,58,1748,0.0,0
2026-06-15T16:47:42.474482+00:00,37.01,0,NVIDIA GeForce RTX 4070 SUPER,100,41,7486.9,12282.0,213.4,220.0,78,2625,10251,59,1748,0.0,0
2026-06-15T16:47:43.429754+00:00,38.01,0,NVIDIA GeForce RTX 4070 SUPER,100,56,7486.9,12282.0,213.43,220.0,80,2625,10251,60,1748,0.0,0
2026-06-15T16:47:44.431215+00:00,39.01,0,NVIDIA GeForce RTX 4070 SUPER,100,44,7486.9,12282.0,214.1,220.0,73,2715,10251,61,1748,0.0,0
2026-06-15T16:47:45.429996+00:00,40.01,0,NVIDIA GeForce RTX 4070 SUPER,100,41,7486.9,12282.0,214.11,220.0,79,2640,10251,61,1748,0.0,0
2026-06-15T16:47:46.430705+00:00,41.011,0,NVIDIA GeForce RTX 4070 SUPER,100,55,7486.9,12282.0,213.88,220.0,80,2640,10251,63,1748,0.0,0
2026-06-15T16:47:47.443594+00:00,42.011,0,NVIDIA GeForce RTX 4070 SUPER,100,44,7486.6,12282.0,214.07,220.0,75,2685,10251,64,1748,0.0,0
2026-06-15T16:47:48.430595+00:00,43.011,0,NVIDIA GeForce RTX 4070 SUPER,100,41,7486.3,12282.0,214.08,220.0,79,2640,10251,65,1748,0.0,0
2026-06-15T16:47:49.431113+00:00,44.011,0,NVIDIA GeForce RTX 4070 SUPER,100,52,7486.3,12282.0,213.49,220.0,80,2625,10251,66,1748,0.0,0
2026-06-15T16:47:50.455598+00:00,45.011,0,NVIDIA GeForce RTX 4070 SUPER,100,46,7486.3,12282.0,215.54,220.0,75,2640,10251,67,1748,0.0,0
2026-06-15T16:47:51.431250+00:00,46.011,0,NVIDIA GeForce RTX 4070 SUPER,100,41,7485.4,12282.0,212.81,220.0,79,2655,10251,68,1748,0.0,0
2026-06-15T16:47:52.431738+00:00,47.012,0,NVIDIA GeForce RTX 4070 SUPER,100,53,7485.4,12282.0,215.18,220.0,82,2625,10251,69,1748,0.0,0
2026-06-15T16:47:53.457104+00:00,48.012,0,NVIDIA GeForce RTX 4070 SUPER,100,47,7485.4,12282.0,214.21,220.0,75,2700,10251,69,1748,0.0,0
2026-06-15T16:47:54.432059+00:00,49.012,0,NVIDIA GeForce RTX 4070 SUPER,100,41,7485.4,12282.0,213.83,220.0,79,2625,10251,70,1748,0.0,0
2026-06-15T16:47:55.431879+00:00,50.012,0,NVIDIA GeForce RTX 4070 SUPER,100,53,7485.4,12282.0,215.41,220.0,81,2625,10251,71,1748,0.0,0
2026-06-15T16:47:56.470232+00:00,51.012,0,NVIDIA GeForce RTX 4070 SUPER,100,48,7485.4,12282.0,213.44,220.0,76,2655,10251,71,1748,0.0,0
2026-06-15T16:47:57.432177+00:00,52.012,0,NVIDIA GeForce RTX 4070 SUPER,100,41,7485.4,12282.0,214.14,220.0,77,2640,10251,71,1748,0.0,0
2026-06-15T16:47:58.432869+00:00,53.012,0,NVIDIA GeForce RTX 4070 SUPER,100,53,7485.4,12282.0,214.66,220.0,81,2625,10251,72,1748,0.0,0
2026-06-15T16:47:59.473802+00:00,54.013,0,NVIDIA GeForce RTX 4070 SUPER,100,49,7485.4,12282.0,215.07,220.0,77,2700,10251,72,1748,0.0,0
2026-06-15T16:48:00.432237+00:00,55.013,0,NVIDIA GeForce RTX 4070 SUPER,100,41,7485.4,12282.0,215.5,220.0,76,2670,10251,73,1748,0.0,0
2026-06-15T16:48:01.433836+00:00,56.013,0,NVIDIA GeForce RTX 4070 SUPER,100,50,7485.4,12282.0,215.39,220.0,81,2625,10251,73,1748,0.0,0
2026-06-15T16:48:02.433027+00:00,57.013,0,NVIDIA GeForce RTX 4070 SUPER,100,51,7485.4,12282.0,215.54,220.0,79,2685,10251,73,1748,0.0,0
2026-06-15T16:48:03.433060+00:00,58.013,0,NVIDIA GeForce RTX 4070 SUPER,100,41,7485.4,12282.0,212.81,220.0,77,2640,10251,74,1748,0.0,0
2026-06-15T16:48:04.446732+00:00,59.013,0,NVIDIA GeForce RTX 4070 SUPER,100,50,7485.4,12282.0,213.41,220.0,80,2625,10251,74,1748,0.0,0
2026-06-15T16:48:05.434847+00:00,60.013,0,NVIDIA GeForce RTX 4070 SUPER,100,51,7485.4,12282.0,213.46,220.0,80,2655,10251,74,1748,0.0,0
2026-06-15T16:48:06.470052+00:00,61.014,0,NVIDIA GeForce RTX 4070 SUPER,100,41,7485.4,12282.0,214.88,220.0,78,2625,10251,75,1748,0.0,0
2026-06-15T16:48:07.457332+00:00,62.014,0,NVIDIA GeForce RTX 4070 SUPER,100,47,7485.4,12282.0,216.56,220.0,80,2625,10251,75,1748,0.0,0
2026-06-15T16:48:08.435566+00:00,63.014,0,NVIDIA GeForce RTX 4070 SUPER,100,52,7485.4,12282.0,213.54,220.0,80,2640,10251,75,1748,0.0,0
2026-06-15T16:48:09.485094+00:00,64.014,0,NVIDIA GeForce RTX 4070 SUPER,100,41,7485.4,12282.0,212.33,220.0,76,2655,10251,75,1748,0.0,0
2026-06-15T16:48:10.469491+00:00,65.014,0,NVIDIA GeForce RTX 4070 SUPER,100,45,7485.4,12282.0,213.99,220.0,81,2535,10251,76,1748,0.0,0
2026-06-15T16:48:11.435813+00:00,66.014,0,NVIDIA GeForce RTX 4070 SUPER,100,53,7485.4,12282.0,214.01,220.0,81,2625,10251,76,1748,0.0,0
2026-06-15T16:48:12.435637+00:00,67.014,0,NVIDIA GeForce RTX 4070 SUPER,100,41,7485.4,12282.0,213.51,220.0,73,2640,10251,76,1748,0.0,0
2026-06-15T16:48:13.437035+00:00,68.015,0,NVIDIA GeForce RTX 4070 SUPER,100,43,7485.4,12282.0,213.95,220.0,80,2625,10251,76,1748,0.0,0
2026-06-15T16:48:14.438981+00:00,69.015,0,NVIDIA GeForce RTX 4070 SUPER,100,54,7485.4,12282.0,212.95,220.0,81,2700,10251,76,1748,0.0,0
2026-06-15T16:48:15.437977+00:00,70.015,0,NVIDIA GeForce RTX 4070 SUPER,100,41,7485.4,12282.0,215.19,220.0,75,2655,10251,76,1748,0.0,0
2026-06-15T16:48:16.434933+00:00,71.015,0,NVIDIA GeForce RTX 4070 SUPER,100,41,7485.4,12282.0,213.74,220.0,80,2625,10251,77,1748,0.0,0
2026-06-15T16:48:17.435231+00:00,72.015,0,NVIDIA GeForce RTX 4070 SUPER,100,56,7485.4,12282.0,214.12,220.0,81,2655,10251,77,1748,0.0,0
2026-06-15T16:48:18.438021+00:00,73.015,0,NVIDIA GeForce RTX 4070 SUPER,100,43,7485.4,12282.0,214.38,220.0,75,2655,10251,77,1748,0.0,0
2026-06-15T16:48:19.435631+00:00,74.015,0,NVIDIA GeForce RTX 4070 SUPER,100,41,7485.4,12282.0,214.96,220.0,81,2625,10251,77,1748,0.0,0
2026-06-15T16:48:20.435216+00:00,75.015,0,NVIDIA GeForce RTX 4070 SUPER,100,55,7485.4,12282.0,212.94,220.0,82,2625,10251,77,1748,0.0,0
2026-06-15T16:48:21.436983+00:00,76.016,0,NVIDIA GeForce RTX 4070 SUPER,100,44,7485.4,12282.0,213.76,220.0,75,2700,10251,77,1748,0.0,0
2026-06-15T16:48:22.437706+00:00,77.016,0,NVIDIA GeForce RTX 4070 SUPER,100,41,7485.4,12282.0,215.36,220.0,79,2625,10251,77,1748,0.0,0
2026-06-15T16:48:23.467870+00:00,78.016,0,NVIDIA GeForce RTX 4070 SUPER,100,54,7485.4,12282.0,213.72,220.0,81,2685,10251,77,1748,0.0,0
2026-06-15T16:48:24.447333+00:00,79.016,0,NVIDIA GeForce RTX 4070 SUPER,100,45,7485.4,12282.0,214.74,220.0,76,2640,10251,78,1748,0.0,0
2026-06-15T16:48:25.437367+00:00,80.016,0,NVIDIA GeForce RTX 4070 SUPER,100,41,7485.4,12282.0,211.86,220.0,78,2625,10251,78,1748,0.0,0
2026-06-15T16:48:26.472612+00:00,81.016,0,NVIDIA GeForce RTX 4070 SUPER,100,53,7485.4,12282.0,213.76,220.0,82,2670,10251,78,1748,0.0,0
2026-06-15T16:48:27.447856+00:00,82.016,0,NVIDIA GeForce RTX 4070 SUPER,100,51,7485.4,12282.0,215.02,220.0,78,2700,10251,78,1748,0.0,0
2026-06-15T16:48:28.436215+00:00,83.016,0,NVIDIA GeForce RTX 4070 SUPER,100,41,7485.4,12282.0,214.81,220.0,77,2625,10251,78,1748,0.0,0
2026-06-15T16:48:29.483383+00:00,84.017,0,NVIDIA GeForce RTX 4070 SUPER,100,49,7485.4,12282.0,214.44,220.0,82,2730,10251,78,1748,0.0,0
2026-06-15T16:48:30.460222+00:00,85.017,0,NVIDIA GeForce RTX 4070 SUPER,100,51,7485.4,12282.0,212.25,220.0,80,2670,10251,78,1748,0.0,0
2026-06-15T16:48:31.436419+00:00,86.017,0,NVIDIA GeForce RTX 4070 SUPER,100,41,7485.4,12282.0,213.94,220.0,75,2625,10251,78,1748,0.0,0
2026-06-15T16:48:32.484744+00:00,87.017,0,NVIDIA GeForce RTX 4070 SUPER,100,45,7485.4,12282.0,213.75,220.0,82,2655,10251,78,1748,0.0,0
2026-06-15T16:48:33.460092+00:00,88.017,0,NVIDIA GeForce RTX 4070 SUPER,100,53,7485.4,12282.0,212.48,220.0,81,2700,10251,78,1748,0.0,0
2026-06-15T16:48:34.437033+00:00,89.017,0,NVIDIA GeForce RTX 4070 SUPER,100,41,7485.4,12282.0,213.91,220.0,73,2625,10251,78,1748,0.0,0
2026-06-15T16:48:35.437065+00:00,90.017,0,NVIDIA GeForce RTX 4070 SUPER,100,41,7485.4,12282.0,213.41,220.0,81,2625,10251,78,1748,0.0,0
2026-06-15T16:48:36.472209+00:00,91.017,0,NVIDIA GeForce RTX 4070 SUPER,100,56,7485.4,12282.0,213.42,220.0,81,2715,10251,79,1748,0.0,0
2026-06-15T16:48:37.440621+00:00,92.018,0,NVIDIA GeForce RTX 4070 SUPER,100,43,7485.4,12282.0,215.57,220.0,75,2640,10251,79,1748,0.0,0
2026-06-15T16:48:38.439339+00:00,93.018,0,NVIDIA GeForce RTX 4070 SUPER,100,41,7485.4,12282.0,214.63,220.0,81,2625,10251,79,1748,0.0,0
2026-06-15T16:48:39.483425+00:00,94.018,0,NVIDIA GeForce RTX 4070 SUPER,100,53,7485.4,12282.0,211.42,220.0,81,2700,10251,79,1748,0.0,0
2026-06-15T16:48:40.441097+00:00,95.018,0,NVIDIA GeForce RTX 4070 SUPER,100,45,7485.4,12282.0,214.47,220.0,77,2625,10251,79,1748,0.0,0
2026-06-15T16:48:41.437958+00:00,96.018,0,NVIDIA GeForce RTX 4070 SUPER,100,41,7485.4,12282.0,213.86,220.0,79,2625,10251,79,1748,0.0,0
2026-06-15T16:48:42.490486+00:00,97.018,0,NVIDIA GeForce RTX 4070 SUPER,100,53,7485.4,12282.0,212.71,220.0,81,2640,10251,79,1748,0.0,0
2026-06-15T16:48:43.437949+00:00,98.018,0,NVIDIA GeForce RTX 4070 SUPER,100,50,7485.4,12282.0,214.96,220.0,78,2640,10251,79,1748,0.0,0
2026-06-15T16:48:44.442833+00:00,99.018,0,NVIDIA GeForce RTX 4070 SUPER,100,41,7485.4,12282.0,212.8,220.0,81,2625,10251,79,1748,0.0,0
2026-06-15T16:48:45.439545+00:00,100.019,0,NVIDIA GeForce RTX 4070 SUPER,100,49,7485.4,12282.0,212.21,220.0,81,2700,10251,79,1748,0.0,0
2026-06-15T16:48:46.442112+00:00,101.019,0,NVIDIA GeForce RTX 4070 SUPER,100,52,7485.4,12282.0,213.14,220.0,81,2640,10251,79,1748,0.0,0
2026-06-15T16:48:47.457623+00:00,102.019,0,NVIDIA GeForce RTX 4070 SUPER,100,41,7485.4,12282.0,214.2,220.0,76,2625,10251,79,1748,0.0,0
2026-06-15T16:48:48.439920+00:00,103.02,0,NVIDIA GeForce RTX 4070 SUPER,100,44,7485.4,12282.0,214.09,220.0,82,2610,10251,79,1748,0.0,0
2026-06-15T16:48:49.440723+00:00,104.02,0,NVIDIA GeForce RTX 4070 SUPER,100,53,7485.4,12282.0,214.81,220.0,82,2700,10251,79,1748,0.0,0
2026-06-15T16:48:50.488690+00:00,105.02,0,NVIDIA GeForce RTX 4070 SUPER,100,42,7485.4,12282.0,214.56,220.0,75,2610,10251,80,1748,0.0,0
2026-06-15T16:48:51.441669+00:00,106.02,0,NVIDIA GeForce RTX 4070 SUPER,100,41,7485.4,12282.0,212.53,220.0,81,2625,10251,79,1748,0.0,0
2026-06-15T16:48:52.445784+00:00,107.02,0,NVIDIA GeForce RTX 4070 SUPER,100,57,7485.4,12282.0,213.99,220.0,81,2715,10251,80,1748,0.0,0
2026-06-15T16:48:53.442554+00:00,108.021,0,NVIDIA GeForce RTX 4070 SUPER,100,43,7485.4,12282.0,216.2,220.0,75,2640,10251,80,1748,0.0,0
2026-06-15T16:48:54.442485+00:00,109.021,0,NVIDIA GeForce RTX 4070 SUPER,100,41,7485.4,12282.0,213.69,220.0,81,2625,10251,80,1748,0.0,0
2026-06-15T16:48:55.443293+00:00,110.021,0,NVIDIA GeForce RTX 4070 SUPER,100,52,7485.4,12282.0,214.21,220.0,82,2565,10251,80,1748,0.0,0
2026-06-15T16:48:56.446099+00:00,111.021,0,NVIDIA GeForce RTX 4070 SUPER,100,49,7485.4,12282.0,213.81,220.0,77,2640,10251,80,1748,0.0,0
2026-06-15T16:48:57.443811+00:00,112.022,0,NVIDIA GeForce RTX 4070 SUPER,100,41,7485.4,12282.0,212.81,220.0,79,2625,10251,80,1748,0.0,0
2026-06-15T16:48:58.441780+00:00,113.022,0,NVIDIA GeForce RTX 4070 SUPER,100,50,7485.4,12282.0,213.75,220.0,81,2625,10251,80,1748,0.0,0
2026-06-15T16:48:59.455791+00:00,114.022,0,NVIDIA GeForce RTX 4070 SUPER,100,51,7485.4,12282.0,215.36,220.0,80,2640,10251,80,1748,0.0,0
2026-06-15T16:49:00.443384+00:00,115.022,0,NVIDIA GeForce RTX 4070 SUPER,100,41,7485.4,12282.0,213.59,220.0,77,2625,10251,80,1748,0.0,0
2026-06-15T16:49:01.443989+00:00,116.022,0,NVIDIA GeForce RTX 4070 SUPER,100,44,7485.4,12282.0,214.44,220.0,81,2595,10251,80,1748,0.0,0
2026-06-15T16:49:02.455776+00:00,117.022,0,NVIDIA GeForce RTX 4070 SUPER,100,55,7485.4,12282.0,213.52,220.0,82,2685,10251,80,1748,0.0,0
2026-06-15T16:49:03.444909+00:00,118.022,0,NVIDIA GeForce RTX 4070 SUPER,100,43,7485.4,12282.0,214.5,220.0,75,2640,10251,80,1748,0.0,0
2026-06-15T16:49:04.499647+00:00,119.023,0,NVIDIA GeForce RTX 4070 SUPER,100,41,7485.4,12282.0,214.6,220.0,82,2700,10251,80,1748,0.0,0
2026-06-15T16:49:05.472399+00:00,120.023,0,NVIDIA GeForce RTX 4070 SUPER,100,55,7485.4,12282.0,213.47,220.0,81,2730,10251,80,1748,0.0,0
2026-06-15T16:49:06.449659+00:00,121.023,0,NVIDIA GeForce RTX 4070 SUPER,100,45,7485.4,12282.0,214.59,220.0,77,2655,10251,80,1748,0.0,0
2026-06-15T16:49:07.442578+00:00,122.023,0,NVIDIA GeForce RTX 4070 SUPER,100,41,7485.4,12282.0,215.7,220.0,78,2625,10251,80,1748,0.0,0
2026-06-15T16:49:08.445454+00:00,123.023,0,NVIDIA GeForce RTX 4070 SUPER,100,52,7485.4,12282.0,213.39,220.0,82,2625,10251,81,1748,0.0,0
2026-06-15T16:49:09.454804+00:00,124.023,0,NVIDIA GeForce RTX 4070 SUPER,100,51,7485.4,12282.0,213.67,220.0,77,2700,10251,81,1748,0.0,0
2026-06-15T16:49:10.443060+00:00,125.024,0,NVIDIA GeForce RTX 4070 SUPER,100,41,7485.4,12282.0,213.94,220.0,78,2625,10251,81,1748,0.0,0
2026-06-15T16:49:11.444976+00:00,126.024,0,NVIDIA GeForce RTX 4070 SUPER,100,46,7485.4,12282.0,214.05,220.0,82,2565,10251,81,1748,0.0,0
2026-06-15T16:49:12.471123+00:00,127.024,0,NVIDIA GeForce RTX 4070 SUPER,100,52,7485.4,12282.0,212.34,220.0,80,2640,10251,81,1748,0.0,0
2026-06-15T16:49:13.443675+00:00,128.024,0,NVIDIA GeForce RTX 4070 SUPER,100,41,7485.4,12282.0,214.49,220.0,74,2625,10251,81,1748,0.0,0
2026-06-15T16:49:14.443913+00:00,129.024,0,NVIDIA GeForce RTX 4070 SUPER,100,42,7485.4,12282.0,212.53,220.0,82,2625,10251,81,1748,0.0,0
2026-06-15T16:49:15.481465+00:00,130.024,0,NVIDIA GeForce RTX 4070 SUPER,100,56,7485.4,12282.0,213.93,220.0,81,2685,10251,81,1748,0.0,0
2026-06-15T16:49:16.443934+00:00,131.024,0,NVIDIA GeForce RTX 4070 SUPER,100,43,7485.4,12282.0,215.0,220.0,75,2625,10251,81,1748,0.0,0
2026-06-15T16:49:17.443990+00:00,132.024,0,NVIDIA GeForce RTX 4070 SUPER,100,41,7485.4,12282.0,213.14,220.0,79,2625,10251,81,1748,0.0,0
2026-06-15T16:49:18.488363+00:00,133.025,0,NVIDIA GeForce RTX 4070 SUPER,100,53,7485.4,12282.0,216.38,220.0,81,2640,10251,81,1748,0.0,0
2026-06-15T16:49:19.467808+00:00,134.025,0,NVIDIA GeForce RTX 4070 SUPER,100,46,7485.4,12282.0,214.17,220.0,77,2625,10251,81,1748,0.0,0
2026-06-15T16:49:20.446836+00:00,135.025,0,NVIDIA GeForce RTX 4070 SUPER,100,41,7485.4,12282.0,214.01,220.0,79,2625,10251,81,1748,0.0,0
2026-06-15T16:49:21.486533+00:00,136.025,0,NVIDIA GeForce RTX 4070 SUPER,100,51,7485.4,12282.0,214.01,220.0,81,2625,10251,81,1748,0.0,0
2026-06-15T16:49:22.446607+00:00,137.025,0,NVIDIA GeForce RTX 4070 SUPER,100,51,7485.4,12282.0,213.35,220.0,80,2640,10251,81,1748,0.0,0
2026-06-15T16:49:23.449746+00:00,138.025,0,NVIDIA GeForce RTX 4070 SUPER,100,41,7485.4,12282.0,213.86,220.0,77,2610,10251,81,1748,0.0,0
2026-06-15T16:49:24.445252+00:00,139.026,0,NVIDIA GeForce RTX 4070 SUPER,100,46,7485.4,12282.0,215.35,220.0,81,2565,10251,81,1748,0.0,0
2026-06-15T16:49:25.446730+00:00,140.026,0,NVIDIA GeForce RTX 4070 SUPER,100,53,7485.4,12282.0,212.96,220.0,81,2715,10251,81,1748,0.0,0
2026-06-15T16:49:26.465602+00:00,141.026,0,NVIDIA GeForce RTX 4070 SUPER,100,41,7485.4,12282.0,212.24,220.0,76,2610,10251,81,1748,0.0,0
2026-06-15T16:49:27.447123+00:00,142.026,0,NVIDIA GeForce RTX 4070 SUPER,100,41,7485.4,12282.0,214.04,220.0,81,2610,10251,82,1748,0.0,0
2026-06-15T16:49:28.497273+00:00,143.026,0,NVIDIA GeForce RTX 4070 SUPER,100,56,7485.4,12282.0,214.11,220.0,82,2700,10251,81,1748,0.0,0
2026-06-15T16:49:29.446109+00:00,144.026,0,NVIDIA GeForce RTX 4070 SUPER,100,44,7485.4,12282.0,217.39,220.0,75,2625,10251,82,1748,0.0,0
2026-06-15T16:49:30.447139+00:00,145.026,0,NVIDIA GeForce RTX 4070 SUPER,100,41,7485.4,12282.0,214.22,220.0,80,2625,10251,82,1748,0.0,0
2026-06-15T16:49:31.445938+00:00,146.026,0,NVIDIA GeForce RTX 4070 SUPER,100,53,7485.4,12282.0,214.43,220.0,84,2670,10251,82,1748,0.0,0
2026-06-15T16:49:32.445983+00:00,147.027,0,NVIDIA GeForce RTX 4070 SUPER,100,49,7485.4,12282.0,214.71,220.0,79,2625,10251,82,1748,0.0,0
2026-06-15T16:49:33.464797+00:00,148.027,0,NVIDIA GeForce RTX 4070 SUPER,100,41,7485.4,12282.0,213.19,220.0,78,2625,10251,82,1748,0.0,0
2026-06-15T16:49:34.448225+00:00,149.027,0,NVIDIA GeForce RTX 4070 SUPER,100,48,7485.4,12282.0,213.08,220.0,81,2580,10251,82,1748,0.0,0
2026-06-15T16:49:35.452072+00:00,150.027,0,NVIDIA GeForce RTX 4070 SUPER,100,52,7485.4,12282.0,213.57,220.0,80,2700,10251,82,1748,0.0,0
2026-06-15T16:49:36.464368+00:00,151.027,0,NVIDIA GeForce RTX 4070 SUPER,100,41,7485.4,12282.0,214.79,220.0,73,2625,10251,82,1748,0.0,0
2026-06-15T16:49:37.448871+00:00,152.027,0,NVIDIA GeForce RTX 4070 SUPER,100,41,7485.4,12282.0,214.21,220.0,81,2610,10251,82,1748,0.0,0
2026-06-15T16:49:38.501042+00:00,153.027,0,NVIDIA GeForce RTX 4070 SUPER,100,57,7485.4,12282.0,213.57,220.0,82,2700,10251,82,1748,0.0,0
2026-06-15T16:49:39.482027+00:00,154.028,0,NVIDIA GeForce RTX 4070 SUPER,100,44,7485.4,12282.0,215.2,220.0,75,2610,10251,82,1748,0.0,0
2026-06-15T16:49:40.460183+00:00,155.028,0,NVIDIA GeForce RTX 4070 SUPER,100,41,7485.4,12282.0,212.54,220.0,81,2595,10251,82,1748,0.0,0
2026-06-15T16:49:41.452965+00:00,156.028,0,NVIDIA GeForce RTX 4070 SUPER,100,52,7485.4,12282.0,213.96,220.0,82,2715,10251,82,1748,0.0,0
2026-06-15T16:49:42.448241+00:00,157.028,0,NVIDIA GeForce RTX 4070 SUPER,100,49,7485.4,12282.0,213.95,220.0,78,2640,10251,82,1748,0.0,0
2026-06-15T16:49:43.464031+00:00,158.028,0,NVIDIA GeForce RTX 4070 SUPER,100,41,7485.4,12282.0,215.31,220.0,78,2625,10251,82,1748,0.0,0
2026-06-15T16:49:44.450934+00:00,159.028,0,NVIDIA GeForce RTX 4070 SUPER,100,48,7485.4,12282.0,212.73,220.0,82,2685,10251,82,1748,0.0,0
2026-06-15T16:49:45.450505+00:00,160.028,0,NVIDIA GeForce RTX 4070 SUPER,100,53,7485.4,12282.0,214.97,220.0,80,2655,10251,82,1748,0.0,0
2026-06-15T16:49:46.475669+00:00,161.028,0,NVIDIA GeForce RTX 4070 SUPER,100,41,7485.4,12282.0,214.55,220.0,74,2625,10251,82,1748,0.0,0
2026-06-15T16:49:47.459156+00:00,162.029,0,NVIDIA GeForce RTX 4070 SUPER,100,41,7485.4,12282.0,215.72,220.0,81,2655,10251,82,1748,0.0,0
2026-06-15T16:49:48.455971+00:00,163.029,0,NVIDIA GeForce RTX 4070 SUPER,100,56,7485.4,12282.0,217.11,220.0,82,2655,10251,82,1748,0.0,0
2026-06-15T16:49:49.481263+00:00,164.029,0,NVIDIA GeForce RTX 4070 SUPER,100,43,7485.4,12282.0,215.28,220.0,75,2610,10251,82,1748,0.0,0
2026-06-15T16:49:50.449089+00:00,165.029,0,NVIDIA GeForce RTX 4070 SUPER,100,41,7485.4,12282.0,212.69,220.0,81,2610,10251,83,1748,0.0,0
2026-06-15T16:49:51.450852+00:00,166.029,0,NVIDIA GeForce RTX 4070 SUPER,100,52,7485.4,12282.0,214.25,220.0,82,2700,10251,83,1748,0.0,0
2026-06-15T16:49:52.492849+00:00,167.029,0,NVIDIA GeForce RTX 4070 SUPER,100,51,7485.4,12282.0,214.83,220.0,78,2625,10251,83,1748,0.0,0
2026-06-15T16:49:53.478920+00:00,168.03,0,NVIDIA GeForce RTX 4070 SUPER,100,41,7485.4,12282.0,213.48,220.0,77,2595,10251,83,1748,0.0,0
2026-06-15T16:49:54.449631+00:00,169.03,0,NVIDIA GeForce RTX 4070 SUPER,100,44,7485.4,12282.0,214.43,220.0,81,2640,10251,83,1748,0.0,0
2026-06-15T16:49:55.452384+00:00,170.03,0,NVIDIA GeForce RTX 4070 SUPER,100,54,7485.4,12282.0,217.14,220.0,82,2640,10251,83,1748,0.0,0
2026-06-15T16:49:56.478365+00:00,171.03,0,NVIDIA GeForce RTX 4070 SUPER,100,43,7485.4,12282.0,214.88,220.0,75,2625,10251,83,1748,0.0,0
2026-06-15T16:49:57.449661+00:00,172.03,0,NVIDIA GeForce RTX 4070 SUPER,67,10,12201.4,12282.0,172.96,220.0,75,2760,10251,83,1748,0.0,0
2026-06-15T16:49:58.450271+00:00,173.03,0,NVIDIA GeForce RTX 4070 SUPER,33,1,12201.4,12282.0,67.2,220.0,59,2760,10251,83,1748,0.0,0
2026-06-15T16:49:59.450015+00:00,174.03,0,NVIDIA GeForce RTX 4070 SUPER,33,1,12201.4,12282.0,45.51,220.0,57,2370,5001,82,1748,0.0,0
2026-06-15T16:50:00.451774+00:00,175.031,0,NVIDIA GeForce RTX 4070 SUPER,100,2,12209.7,12282.0,67.67,220.0,59,2760,10251,78,1748,0.0,0
2026-06-15T16:50:01.459041+00:00,176.031,0,NVIDIA GeForce RTX 4070 SUPER,100,3,12209.7,12282.0,59.04,220.0,58,2760,10251,74,1748,0.0,0
2026-06-15T16:50:02.453334+00:00,177.031,0,NVIDIA GeForce RTX 4070 SUPER,100,3,12209.7,12282.0,75.19,220.0,57,2760,10251,69,1748,0.0,0
2026-06-15T16:50:03.458206+00:00,178.031,0,NVIDIA GeForce RTX 4070 SUPER,100,2,12209.7,12282.0,72.8,220.0,56,2760,10251,64,1748,0.0,0
2026-06-15T16:50:04.455784+00:00,179.031,0,NVIDIA GeForce RTX 4070 SUPER,100,2,12209.7,12282.0,58.73,220.0,56,2775,10251,60,1748,0.0,0
2026-06-15T16:50:05.469903+00:00,180.031,0,NVIDIA GeForce RTX 4070 SUPER,100,2,12209.7,12282.0,75.84,220.0,56,2760,10251,56,1748,0.0,0
2026-06-15T16:50:06.461682+00:00,181.032,0,NVIDIA GeForce RTX 4070 SUPER,100,3,12209.7,12282.0,57.35,220.0,56,2760,10251,53,1748,0.0,0
2026-06-15T16:50:07.455274+00:00,182.032,0,NVIDIA GeForce RTX 4070 SUPER,100,2,12209.7,12282.0,73.85,220.0,57,2760,10251,50,1748,0.0,0
2026-06-15T16:50:08.460881+00:00,183.032,0,NVIDIA GeForce RTX 4070 SUPER,100,3,12209.7,12282.0,57.99,220.0,56,2760,10251,48,1748,0.0,0
2026-06-15T16:50:09.473249+00:00,184.032,0,NVIDIA GeForce RTX 4070 SUPER,100,4,12209.7,12282.0,73.66,220.0,55,2760,10251,47,1748,0.0,0
2026-06-15T16:50:10.460966+00:00,185.033,0,NVIDIA GeForce RTX 4070 SUPER,100,2,12209.7,12282.0,58.74,220.0,55,2760,10251,46,1748,0.0,0
2026-06-15T16:50:11.460473+00:00,186.033,0,NVIDIA GeForce RTX 4070 SUPER,100,2,12189.6,12282.0,56.85,220.0,54,2760,10251,45,1748,0.0,0
2026-06-15T16:50:12.469410+00:00,187.033,0,NVIDIA GeForce RTX 4070 SUPER,100,2,12189.6,12282.0,72.67,220.0,55,2760,10251,44,1748,0.0,0
2026-06-15T16:50:13.464261+00:00,188.033,0,NVIDIA GeForce RTX 4070 SUPER,100,2,12189.6,12282.0,55.92,220.0,54,2760,10251,43,1748,0.0,0
2026-06-15T16:50:14.467777+00:00,189.033,0,NVIDIA GeForce RTX 4070 SUPER,100,10,12189.6,12282.0,95.21,220.0,70,2760,10251,43,1748,0.0,0
2026-06-15T16:50:15.458098+00:00,190.033,0,NVIDIA GeForce RTX 4070 SUPER,100,3,12189.6,12282.0,56.9,220.0,54,2760,10251,43,1748,0.0,0
2026-06-15T16:50:16.463594+00:00,191.034,0,NVIDIA GeForce RTX 4070 SUPER,100,2,12189.6,12282.0,56.65,220.0,55,2760,10251,42,1748,0.0,0
2026-06-15T16:50:17.465531+00:00,192.034,0,NVIDIA GeForce RTX 4070 SUPER,100,2,12189.6,12282.0,73.02,220.0,55,2760,10251,42,1748,0.0,0
2026-06-15T16:50:18.459773+00:00,193.034,0,NVIDIA GeForce RTX 4070 SUPER,100,2,12189.6,12282.0,56.38,220.0,54,2760,10251,42,1748,0.0,0
2026-06-15T16:50:19.460546+00:00,194.034,0,NVIDIA GeForce RTX 4070 SUPER,100,2,12189.6,12282.0,74.56,220.0,55,2760,10251,42,1748,0.0,0
2026-06-15T16:50:20.465473+00:00,195.034,0,NVIDIA GeForce RTX 4070 SUPER,100,3,12189.6,12282.0,56.44,220.0,54,2760,10251,42,1748,0.0,0
2026-06-15T16:50:21.520650+00:00,196.034,0,NVIDIA GeForce RTX 4070 SUPER,100,8,12189.6,12282.0,72.31,220.0,54,2760,10251,42,1748,0.0,0
2026-06-15T16:50:22.466682+00:00,197.035,0,NVIDIA GeForce RTX 4070 SUPER,100,2,12192.4,12282.0,57.72,220.0,54,2775,10251,41,1748,0.0,0
2026-06-15T16:50:23.457148+00:00,198.035,0,NVIDIA GeForce RTX 4070 SUPER,100,2,12192.4,12282.0,57.17,220.0,53,2775,10251,41,1748,0.0,0
2026-06-15T16:50:24.463468+00:00,199.035,0,NVIDIA GeForce RTX 4070 SUPER,100,3,12192.4,12282.0,75.21,220.0,54,2760,10251,41,1748,0.0,0
2026-06-15T16:50:25.461562+00:00,200.035,0,NVIDIA GeForce RTX 4070 SUPER,100,3,12192.4,12282.0,56.43,220.0,53,2760,10251,41,1748,0.0,0
2026-06-15T16:50:26.457545+00:00,201.035,0,NVIDIA GeForce RTX 4070 SUPER,100,2,12192.4,12282.0,71.56,220.0,59,2775,10251,41,1748,0.0,0
2026-06-15T16:50:27.458502+00:00,202.035,0,NVIDIA GeForce RTX 4070 SUPER,100,3,12192.4,12282.0,57.84,220.0,53,2775,10251,41,1748,0.0,0
2026-06-15T16:50:28.455024+00:00,203.035,0,NVIDIA GeForce RTX 4070 SUPER,100,3,12192.4,12282.0,59.34,220.0,54,2775,10251,41,1748,0.0,0
2026-06-15T16:50:29.463092+00:00,204.036,0,NVIDIA GeForce RTX 4070 SUPER,100,2,12192.4,12282.0,72.81,220.0,53,2775,10251,40,1748,0.0,0
2026-06-15T16:50:30.457745+00:00,205.036,0,NVIDIA GeForce RTX 4070 SUPER,100,2,12192.4,12282.0,55.87,220.0,53,2775,10251,40,1748,0.0,0
2026-06-15T16:50:31.459641+00:00,206.036,0,NVIDIA GeForce RTX 4070 SUPER,100,2,12192.4,12282.0,73.55,220.0,54,2775,10251,40,1748,0.0,0
2026-06-15T16:50:32.467580+00:00,207.036,0,NVIDIA GeForce RTX 4070 SUPER,100,2,12192.4,12282.0,56.96,220.0,53,2775,10251,40,1748,0.0,0
2026-06-15T16:50:33.461936+00:00,208.036,0,NVIDIA GeForce RTX 4070 SUPER,100,6,12192.4,12282.0,72.35,220.0,53,2775,10251,40,1748,0.0,0
2026-06-15T16:50:34.460940+00:00,209.036,0,NVIDIA GeForce RTX 4070 SUPER,100,2,12192.4,12282.0,57.48,220.0,53,2775,10251,40,1748,0.0,0
2026-06-15T16:50:35.461071+00:00,210.036,0,NVIDIA GeForce RTX 4070 SUPER,100,3,12192.4,12282.0,56.86,220.0,52,2775,10251,40,1748,0.0,0
2026-06-15T16:50:36.463451+00:00,211.036,0,NVIDIA GeForce RTX 4070 SUPER,100,3,12192.4,12282.0,73.56,220.0,53,2775,10251,39,1748,0.0,0
2026-06-15T16:50:37.462170+00:00,212.037,0,NVIDIA GeForce RTX 4070 SUPER,100,3,12192.4,12282.0,55.87,220.0,53,2775,10251,39,1748,0.0,0
2026-06-15T16:50:38.457733+00:00,213.037,0,NVIDIA GeForce RTX 4070 SUPER,100,2,12192.4,12282.0,73.13,220.0,55,2775,10251,39,1748,0.0,0
2026-06-15T16:50:39.462733+00:00,214.037,0,NVIDIA GeForce RTX 4070 SUPER,100,3,12192.4,12282.0,57.56,220.0,53,2775,10251,39,1748,0.0,0
2026-06-15T16:50:40.587484+00:00,215.037,0,NVIDIA GeForce RTX 4070 SUPER,100,9,12192.4,12282.0,68.11,220.0,53,2745,10251,39,1748,0.0,0
2026-06-15T16:50:41.463775+00:00,216.037,0,NVIDIA GeForce RTX 4070 SUPER,100,2,12192.4,12282.0,72.65,220.0,53,2775,10251,39,1748,0.0,0
2026-06-15T16:50:42.458304+00:00,217.037,0,NVIDIA GeForce RTX 4070 SUPER,100,2,12192.4,12282.0,55.78,220.0,52,2775,10251,39,1748,0.0,0
2026-06-15T16:50:43.465338+00:00,218.037,0,NVIDIA GeForce RTX 4070 SUPER,100,2,12192.4,12282.0,72.05,220.0,53,2760,10251,39,1748,0.0,0
2026-06-15T16:50:44.467299+00:00,219.037,0,NVIDIA GeForce RTX 4070 SUPER,100,3,12192.4,12282.0,56.01,220.0,52,2760,10251,38,1748,0.0,0
2026-06-15T16:50:45.466209+00:00,220.038,0,NVIDIA GeForce RTX 4070 SUPER,100,2,12192.4,12282.0,70.81,220.0,66,2760,10251,38,1748,0.0,0
2026-06-15T16:50:46.462127+00:00,221.038,0,NVIDIA GeForce RTX 4070 SUPER,100,2,12192.4,12282.0,56.6,220.0,52,2775,10251,38,1748,0.0,0
2026-06-15T16:50:47.466207+00:00,222.038,0,NVIDIA GeForce RTX 4070 SUPER,100,2,12192.4,12282.0,56.62,220.0,52,2775,10251,38,1748,0.0,0
2026-06-15T16:50:48.467726+00:00,223.038,0,NVIDIA GeForce RTX 4070 SUPER,100,2,12192.4,12282.0,71.37,220.0,53,2775,10251,38,1748,0.0,0
2026-06-15T16:50:49.465025+00:00,224.038,0,NVIDIA GeForce RTX 4070 SUPER,100,2,12192.4,12282.0,55.6,220.0,52,2775,10251,38,1748,0.0,0
2026-06-15T16:50:50.463226+00:00,225.038,0,NVIDIA GeForce RTX 4070 SUPER,100,2,12192.4,12282.0,73.31,220.0,54,2775,10251,38,1748,0.0,0
2026-06-15T16:50:51.467228+00:00,226.038,0,NVIDIA GeForce RTX 4070 SUPER,100,3,12192.4,12282.0,56.65,220.0,52,2775,10251,38,1748,0.0,0
2026-06-15T16:50:52.540626+00:00,227.038,0,NVIDIA GeForce RTX 4070 SUPER,100,10,12192.4,12282.0,72.04,220.0,52,2775,10251,38,1748,0.0,0
2026-06-15T16:50:53.471600+00:00,228.045,0,NVIDIA GeForce RTX 4070 SUPER,100,3,12192.4,12282.0,68.95,220.0,52,2775,10251,38,1748,0.0,0
2026-06-15T16:50:54.473965+00:00,229.046,0,NVIDIA GeForce RTX 4070 SUPER,100,2,12192.4,12282.0,56.26,220.0,52,2775,10251,38,1748,0.0,0
2026-06-15T16:50:55.483660+00:00,230.053,0,NVIDIA GeForce RTX 4070 SUPER,100,3,12192.6,12282.0,73.75,220.0,53,2775,10251,37,1748,0.0,0
2026-06-15T16:50:56.485117+00:00,231.053,0,NVIDIA GeForce RTX 4070 SUPER,100,3,12192.6,12282.0,55.89,220.0,52,2775,10251,37,1748,0.0,0
2026-06-15T16:50:57.482938+00:00,232.053,0,NVIDIA GeForce RTX 4070 SUPER,100,2,12192.6,12282.0,72.86,220.0,53,2775,10251,37,1748,0.0,0
2026-06-15T16:50:58.485879+00:00,233.053,0,NVIDIA GeForce RTX 4070 SUPER,100,3,12192.6,12282.0,56.95,220.0,52,2775,10251,37,1748,0.0,0
2026-06-15T16:50:59.604508+00:00,234.053,0,NVIDIA GeForce RTX 4070 SUPER,100,5,12192.6,12282.0,61.22,220.0,52,2730,10251,37,1748,0.0,0
2026-06-15T16:51:00.481440+00:00,235.054,0,NVIDIA GeForce RTX 4070 SUPER,100,2,12209.5,12282.0,72.13,220.0,52,2775,10251,37,1748,0.0,0
2026-06-15T16:51:01.484218+00:00,236.062,0,NVIDIA GeForce RTX 4070 SUPER,100,2,12209.5,12282.0,55.36,220.0,52,2775,10251,37,1748,0.0,0
2026-06-15T16:51:02.485436+00:00,237.063,0,NVIDIA GeForce RTX 4070 SUPER,100,2,12209.5,12282.0,73.68,220.0,53,2775,10251,37,1748,0.0,0
2026-06-15T16:51:03.491072+00:00,238.064,0,NVIDIA GeForce RTX 4070 SUPER,100,2,12209.5,12282.0,56.05,220.0,52,2775,10251,37,1748,0.0,0
2026-06-15T16:51:04.590948+00:00,239.064,0,NVIDIA GeForce RTX 4070 SUPER,100,6,12209.5,12282.0,72.17,220.0,68,2775,10251,37,1748,0.0,0
2026-06-15T16:51:05.489898+00:00,240.064,0,NVIDIA GeForce RTX 4070 SUPER,100,2,12209.8,12282.0,57.17,220.0,52,2775,10251,37,1748,0.0,0
2026-06-15T16:51:06.487862+00:00,241.064,0,NVIDIA GeForce RTX 4070 SUPER,100,3,12209.8,12282.0,56.32,220.0,51,2775,10251,37,1748,0.0,0
2026-06-15T16:51:07.492974+00:00,242.064,0,NVIDIA GeForce RTX 4070 SUPER,100,3,12209.8,12282.0,73.03,220.0,52,2775,10251,37,1748,0.0,0
2026-06-15T16:51:08.490534+00:00,243.064,0,NVIDIA GeForce RTX 4070 SUPER,100,3,12209.8,12282.0,55.44,220.0,52,2775,10251,37,1748,0.0,0
2026-06-15T16:51:09.486723+00:00,244.065,0,NVIDIA GeForce RTX 4070 SUPER,100,2,12209.8,12282.0,71.58,220.0,53,2760,10251,36,1748,0.0,0
2026-06-15T16:51:10.493662+00:00,245.066,0,NVIDIA GeForce RTX 4070 SUPER,100,3,12209.8,12282.0,57.14,220.0,51,2775,10251,36,1748,0.0,0
2026-06-15T16:51:11.513389+00:00,246.066,0,NVIDIA GeForce RTX 4070 SUPER,100,5,12209.8,12282.0,62.17,220.0,52,2670,10251,36,1748,0.0,0
2026-06-15T16:51:12.492593+00:00,247.066,0,NVIDIA GeForce RTX 4070 SUPER,100,2,12209.8,12282.0,72.39,220.0,52,2775,10251,36,1748,0.0,0
2026-06-15T16:51:13.489169+00:00,248.067,0,NVIDIA GeForce RTX 4070 SUPER,100,2,12209.8,12282.0,55.23,220.0,51,2775,10251,36,1748,0.0,0
2026-06-15T16:51:14.492908+00:00,249.067,0,NVIDIA GeForce RTX 4070 SUPER,100,2,12209.8,12282.0,71.92,220.0,52,2775,10251,36,1748,0.0,0
2026-06-15T16:51:15.493582+00:00,250.067,0,NVIDIA GeForce RTX 4070 SUPER,100,2,12209.8,12282.0,56.05,220.0,51,2775,10251,36,1748,0.0,0
2026-06-15T16:51:16.512350+00:00,251.067,0,NVIDIA GeForce RTX 4070 SUPER,100,4,12209.8,12282.0,72.01,220.0,59,2775,10251,36,1748,0.0,0
2026-06-15T16:51:17.490358+00:00,252.067,0,NVIDIA GeForce RTX 4070 SUPER,100,2,12209.8,12282.0,57.08,220.0,51,2775,10251,36,1748,0.0,0
2026-06-15T16:51:18.491012+00:00,253.068,0,NVIDIA GeForce RTX 4070 SUPER,100,2,12209.8,12282.0,55.98,220.0,52,2775,10251,36,1748,0.0,0
2026-06-15T16:51:19.496246+00:00,254.068,0,NVIDIA GeForce RTX 4070 SUPER,100,3,12209.8,12282.0,72.7,220.0,52,2775,10251,36,1748,0.0,0
2026-06-15T16:51:20.493655+00:00,255.068,0,NVIDIA GeForce RTX 4070 SUPER,100,2,12209.8,12282.0,55.15,220.0,51,2775,10251,36,1748,0.0,0
2026-06-15T16:51:21.489502+00:00,256.068,0,NVIDIA GeForce RTX 4070 SUPER,100,2,12209.8,12282.0,72.91,220.0,53,2775,10251,36,1748,0.0,0
2026-06-15T16:51:22.495385+00:00,257.068,0,NVIDIA GeForce RTX 4070 SUPER,100,3,12209.8,12282.0,56.77,220.0,52,2775,10251,36,1748,0.0,0
2026-06-15T16:51:23.571674+00:00,258.068,0,NVIDIA GeForce RTX 4070 SUPER,100,10,12209.8,12282.0,72.47,220.0,51,2745,10251,36,1748,0.0,0
2026-06-15T16:51:24.495932+00:00,259.068,0,NVIDIA GeForce RTX 4070 SUPER,100,3,12209.8,12282.0,72.34,220.0,51,2775,10251,36,1748,0.0,0
2026-06-15T16:51:25.491620+00:00,260.069,0,NVIDIA GeForce RTX 4070 SUPER,100,2,12209.8,12282.0,55.51,220.0,51,2775,10251,36,1748,0.0,0
2026-06-15T16:51:26.496683+00:00,261.069,0,NVIDIA GeForce RTX 4070 SUPER,100,3,12209.8,12282.0,72.16,220.0,52,2775,10251,36,1748,0.0,0
2026-06-15T16:51:27.498664+00:00,262.069,0,NVIDIA GeForce RTX 4070 SUPER,100,3,12209.8,12282.0,55.86,220.0,51,2775,10251,36,1748,0.0,0
2026-06-15T16:51:28.491063+00:00,263.069,0,NVIDIA GeForce RTX 4070 SUPER,100,2,12209.8,12282.0,70.77,220.0,54,2775,10251,35,1748,0.0,0
2026-06-15T16:51:29.499224+00:00,264.069,0,NVIDIA GeForce RTX 4070 SUPER,100,2,12209.8,12282.0,56.93,220.0,51,2775,10251,35,1748,0.0,0
2026-06-15T16:51:30.490904+00:00,265.069,0,NVIDIA GeForce RTX 4070 SUPER,100,2,12209.8,12282.0,56.17,220.0,52,2775,10251,35,1748,0.0,0
2026-06-15T16:51:31.497690+00:00,266.069,0,NVIDIA GeForce RTX 4070 SUPER,100,2,12209.8,12282.0,71.59,220.0,51,2775,10251,35,1748,0.0,0
2026-06-15T16:51:32.493904+00:00,267.07,0,NVIDIA GeForce RTX 4070 SUPER,100,2,12209.8,12282.0,55.18,220.0,51,2775,10251,35,1748,0.0,0
2026-06-15T16:51:33.493188+00:00,268.07,0,NVIDIA GeForce RTX 4070 SUPER,100,2,12209.8,12282.0,71.74,220.0,52,2775,10251,35,1748,0.0,0
2026-06-15T16:51:34.499943+00:00,269.07,0,NVIDIA GeForce RTX 4070 SUPER,100,3,12209.8,12282.0,56.04,220.0,51,2775,10251,35,1748,0.0,0
2026-06-15T16:51:35.495580+00:00,270.07,0,NVIDIA GeForce RTX 4070 SUPER,100,10,12209.8,12282.0,72.1,220.0,65,2775,10251,35,1748,0.0,0
2026-06-15T16:51:36.496546+00:00,271.07,0,NVIDIA GeForce RTX 4070 SUPER,100,2,12209.8,12282.0,57.25,220.0,51,2775,10251,35,1748,0.0,0
2026-06-15T16:51:37.496408+00:00,272.07,0,NVIDIA GeForce RTX 4070 SUPER,100,3,12209.8,12282.0,55.84,220.0,52,2775,10251,35,1748,0.0,0
2026-06-15T16:51:38.501207+00:00,273.071,0,NVIDIA GeForce RTX 4070 SUPER,100,3,12209.8,12282.0,73.55,220.0,52,2775,10251,35,1748,0.0,0
2026-06-15T16:51:39.500573+00:00,274.071,0,NVIDIA GeForce RTX 4070 SUPER,100,3,12209.8,12282.0,55.13,220.0,51,2775,10251,35,1748,0.0,0
2026-06-15T16:51:40.501069+00:00,275.071,0,NVIDIA GeForce RTX 4070 SUPER,100,2,12209.8,12282.0,70.78,220.0,52,2775,10251,35,1748,0.0,0
2026-06-15T16:51:41.503660+00:00,276.071,0,NVIDIA GeForce RTX 4070 SUPER,100,3,12209.8,12282.0,56.66,220.0,52,2775,10251,35,1748,0.0,0
2026-06-15T16:51:42.617495+00:00,277.071,0,NVIDIA GeForce RTX 4070 SUPER,100,10,12209.8,12282.0,69.99,220.0,51,2760,10251,35,1748,0.0,0
2026-06-15T16:51:43.499073+00:00,278.072,0,NVIDIA GeForce RTX 4070 SUPER,100,3,12209.8,12282.0,71.6,220.0,51,2775,10251,35,1748,0.0,0
2026-06-15T16:51:44.495609+00:00,279.072,0,NVIDIA GeForce RTX 4070 SUPER,100,2,12209.8,12282.0,55.22,220.0,51,2775,10251,35,1748,0.0,0
2026-06-15T16:51:45.500386+00:00,280.072,0,NVIDIA GeForce RTX 4070 SUPER,100,2,12209.8,12282.0,72.15,220.0,52,2775,10251,35,1748,0.0,0
2026-06-15T16:51:46.499657+00:00,281.072,0,NVIDIA GeForce RTX 4070 SUPER,100,3,12209.8,12282.0,55.78,220.0,51,2775,10251,35,1748,0.0,0
2026-06-15T16:51:47.506744+00:00,282.073,0,NVIDIA GeForce RTX 4070 SUPER,100,10,12209.8,12282.0,72.09,220.0,66,2760,10251,35,1748,0.0,0
2026-06-15T16:51:48.498469+00:00,283.073,0,NVIDIA GeForce RTX 4070 SUPER,100,2,12209.8,12282.0,57.3,220.0,51,2775,10251,35,1748,0.0,0
2026-06-15T16:51:49.497307+00:00,284.073,0,NVIDIA GeForce RTX 4070 SUPER,100,3,12209.8,12282.0,55.98,220.0,51,2775,10251,35,1748,0.0,0
2026-06-15T16:51:50.502087+00:00,285.073,0,NVIDIA GeForce RTX 4070 SUPER,100,3,12209.8,12282.0,71.75,220.0,52,2775,10251,35,1748,0.0,0
2026-06-15T16:51:51.500108+00:00,286.073,0,NVIDIA GeForce RTX 4070 SUPER,100,3,12209.8,12282.0,55.15,220.0,51,2775,10251,34,1748,0.0,0
2026-06-15T16:51:52.495367+00:00,287.073,0,NVIDIA GeForce RTX 4070 SUPER,100,2,12209.8,12282.0,71.18,220.0,53,2775,10251,34,1748,0.0,0
2026-06-15T16:51:53.501622+00:00,288.074,0,NVIDIA GeForce RTX 4070 SUPER,100,3,12209.8,12282.0,56.86,220.0,51,2775,10251,34,1748,0.0,0
2026-06-15T16:51:54.630457+00:00,289.074,0,NVIDIA GeForce RTX 4070 SUPER,100,4,12209.8,12282.0,59.72,220.0,51,2655,10251,34,1748,0.0,0
2026-06-15T16:51:55.500904+00:00,290.074,0,NVIDIA GeForce RTX 4070 SUPER,100,2,12209.8,12282.0,71.83,220.0,51,2775,10251,34,1748,0.0,0
2026-06-15T16:51:56.497860+00:00,291.074,0,NVIDIA GeForce RTX 4070 SUPER,100,2,12209.8,12282.0,54.84,220.0,51,2775,10251,34,1748,0.0,0
2026-06-15T16:51:57.501373+00:00,292.074,0,NVIDIA GeForce RTX 4070 SUPER,100,2,12209.8,12282.0,72.5,220.0,52,2775,10251,34,1748,0.0,0
2026-06-15T16:51:58.501603+00:00,293.074,0,NVIDIA GeForce RTX 4070 SUPER,100,2,12209.8,12282.0,55.83,220.0,51,2775,10251,34,1748,0.0,0
2026-06-15T16:51:59.496538+00:00,294.075,0,NVIDIA GeForce RTX 4070 SUPER,100,6,12209.8,12282.0,70.08,220.0,67,2775,10251,34,1748,0.0,0
2026-06-15T16:52:00.501305+00:00,295.075,0,NVIDIA GeForce RTX 4070 SUPER,100,2,12209.8,12282.0,57.06,220.0,51,2775,10251,34,1748,0.0,0
2026-06-15T16:52:01.500041+00:00,296.075,0,NVIDIA GeForce RTX 4070 SUPER,100,3,12209.8,12282.0,55.9,220.0,50,2775,10251,34,1748,0.0,0
2026-06-15T16:52:02.503984+00:00,297.075,0,NVIDIA GeForce RTX 4070 SUPER,100,3,12209.8,12282.0,72.23,220.0,52,2775,10251,34,1748,0.0,0
2026-06-15T16:52:03.504600+00:00,298.075,0,NVIDIA GeForce RTX 4070 SUPER,100,2,12209.8,12282.0,55.1,220.0,51,2775,10251,34,1748,0.0,0
2026-06-15T16:52:04.498002+00:00,299.076,0,NVIDIA GeForce RTX 4070 SUPER,100,2,12209.8,12282.0,70.8,220.0,52,2775,10251,34,1748,0.0,0
2026-06-15T16:52:05.504598+00:00,300.076,0,NVIDIA GeForce RTX 4070 SUPER,100,3,12209.8,12282.0,57.1,220.0,51,2775,10251,34,1748,0.0,0
2026-06-15T16:52:06.519052+00:00,301.076,0,NVIDIA GeForce RTX 4070 SUPER,100,3,12209.8,12282.0,58.98,220.0,51,2745,10251,34,1748,0.0,0
2026-06-15T16:52:07.507731+00:00,302.076,0,NVIDIA GeForce RTX 4070 SUPER,100,2,12209.8,12282.0,71.85,220.0,51,2775,10251,34,1748,0.0,0
2026-06-15T16:52:08.505997+00:00,303.076,0,NVIDIA GeForce RTX 4070 SUPER,100,2,12209.8,12282.0,55.1,220.0,51,2775,10251,34,1748,0.0,0
2026-06-15T16:52:09.509127+00:00,304.076,0,NVIDIA GeForce RTX 4070 SUPER,100,2,12209.8,12282.0,71.03,220.0,51,2775,10251,34,1748,0.0,0
2026-06-15T16:52:10.507078+00:00,305.077,0,NVIDIA GeForce RTX 4070 SUPER,100,2,12209.8,12282.0,55.55,220.0,51,2775,10251,34,1748,0.0,0
2026-06-15T16:52:11.500726+00:00,306.077,0,NVIDIA GeForce RTX 4070 SUPER,100,7,12209.8,12282.0,73.47,220.0,69,2775,10251,34,1748,0.0,0
2026-06-15T16:52:12.501317+00:00,307.077,0,NVIDIA GeForce RTX 4070 SUPER,100,2,12209.8,12282.0,56.63,220.0,51,2775,10251,34,1748,0.0,0
2026-06-15T16:52:13.503705+00:00,308.077,0,NVIDIA GeForce RTX 4070 SUPER,100,3,12209.8,12282.0,55.77,220.0,51,2775,10251,34,1748,0.0,0
2026-06-15T16:52:14.507920+00:00,309.077,0,NVIDIA GeForce RTX 4070 SUPER,100,3,12209.8,12282.0,72.58,220.0,52,2775,10251,34,1748,0.0,0
2026-06-15T16:52:15.506214+00:00,310.077,0,NVIDIA GeForce RTX 4070 SUPER,100,3,12209.8,12282.0,55.07,220.0,51,2775,10251,33,1748,0.0,0
2026-06-15T16:52:16.504020+00:00,311.078,0,NVIDIA GeForce RTX 4070 SUPER,100,2,12209.8,12282.0,72.25,220.0,52,2775,10251,33,1748,0.0,0
2026-06-15T16:52:17.508820+00:00,312.078,0,NVIDIA GeForce RTX 4070 SUPER,100,3,12209.8,12282.0,56.64,220.0,51,2775,10251,33,1748,0.0,0
2026-06-15T16:52:18.512795+00:00,313.078,0,NVIDIA GeForce RTX 4070 SUPER,100,10,12209.8,12282.0,70.22,220.0,51,2760,10251,33,1748,0.0,0
2026-06-15T16:52:19.505156+00:00,314.078,0,NVIDIA GeForce RTX 4070 SUPER,100,3,12209.8,12282.0,71.23,220.0,51,2775,10251,33,1748,0.0,0
2026-06-15T16:52:20.503552+00:00,315.078,0,NVIDIA GeForce RTX 4070 SUPER,100,2,12209.8,12282.0,55.5,220.0,50,2775,10251,33,1748,0.0,0
2026-06-15T16:52:21.505755+00:00,316.079,0,NVIDIA GeForce RTX 4070 SUPER,100,3,12209.8,12282.0,72.02,220.0,51,2775,10251,33,1748,0.0,0
2026-06-15T16:52:22.506184+00:00,317.079,0,NVIDIA GeForce RTX 4070 SUPER,100,2,12209.8,12282.0,55.06,220.0,51,2775,10251,33,1748,0.0,0
2026-06-15T16:52:23.502193+00:00,318.079,0,NVIDIA GeForce RTX 4070 SUPER,100,5,12209.8,12282.0,70.39,220.0,64,2775,10251,33,1748,0.0,0
2026-06-15T16:52:24.501180+00:00,319.079,0,NVIDIA GeForce RTX 4070 SUPER,100,2,12209.8,12282.0,56.84,220.0,51,2775,10251,33,1748,0.0,0
2026-06-15T16:52:25.502368+00:00,320.079,0,NVIDIA GeForce RTX 4070 SUPER,100,2,12209.8,12282.0,55.79,220.0,51,2775,10251,33,1748,0.0,0
2026-06-15T16:52:26.505727+00:00,321.08,0,NVIDIA GeForce RTX 4070 SUPER,100,3,12209.8,12282.0,71.8,220.0,51,2775,10251,33,1748,0.0,0
2026-06-15T16:52:27.501470+00:00,322.08,0,NVIDIA GeForce RTX 4070 SUPER,100,3,12209.8,12282.0,55.1,220.0,51,2775,10251,33,1748,0.0,0
2026-06-15T16:52:28.501728+00:00,323.08,0,NVIDIA GeForce RTX 4070 SUPER,100,2,12209.8,12282.0,72.97,220.0,52,2775,10251,33,1748,0.0,0
2026-06-15T16:52:29.507463+00:00,324.08,0,NVIDIA GeForce RTX 4070 SUPER,100,3,12209.8,12282.0,56.3,220.0,51,2775,10251,33,1748,0.0,0
2026-06-15T16:52:30.542222+00:00,325.08,0,NVIDIA GeForce RTX 4070 SUPER,100,10,12209.8,12282.0,71.24,220.0,51,2775,10251,33,1748,0.0,0
2026-06-15T16:52:31.506904+00:00,326.08,0,NVIDIA GeForce RTX 4070 SUPER,100,3,12209.8,12282.0,69.2,220.0,51,2775,10251,33,1748,0.0,0
2026-06-15T16:52:32.505272+00:00,327.08,0,NVIDIA GeForce RTX 4070 SUPER,100,2,12209.8,12282.0,55.44,220.0,50,2775,10251,33,1748,0.0,0
2026-06-15T16:52:33.511299+00:00,328.08,0,NVIDIA GeForce RTX 4070 SUPER,100,3,12209.8,12282.0,73.01,220.0,52,2775,10251,33,1748,0.0,0
2026-06-15T16:52:34.513551+00:00,329.081,0,NVIDIA GeForce RTX 4070 SUPER,100,3,12209.8,12282.0,55.46,220.0,51,2775,10251,33,1748,0.0,0
2026-06-15T16:52:35.507815+00:00,330.081,0,NVIDIA GeForce RTX 4070 SUPER,100,2,12209.8,12282.0,72.63,220.0,53,2775,10251,33,1748,0.0,0
2026-06-15T16:52:36.513469+00:00,331.081,0,NVIDIA GeForce RTX 4070 SUPER,100,2,12209.8,12282.0,56.8,220.0,51,2775,10251,33,1748,0.0,0
2026-06-15T16:52:37.502405+00:00,332.081,0,NVIDIA GeForce RTX 4070 SUPER,100,2,12209.8,12282.0,64.39,220.0,51,2775,10251,33,1748,0.0,0
2026-06-15T16:52:38.509617+00:00,333.081,0,NVIDIA GeForce RTX 4070 SUPER,100,2,12209.8,12282.0,71.77,220.0,51,2775,10251,33,1748,0.0,0
2026-06-15T16:52:39.503293+00:00,334.081,0,NVIDIA GeForce RTX 4070 SUPER,100,3,12209.8,12282.0,54.82,220.0,51,2775,10251,33,1748,0.0,0
2026-06-15T16:52:40.503217+00:00,335.081,0,NVIDIA GeForce RTX 4070 SUPER,100,2,12209.8,12282.0,72.4,220.0,52,2775,10251,33,1748,0.0,0
2026-06-15T16:52:41.506823+00:00,336.081,0,NVIDIA GeForce RTX 4070 SUPER,100,3,12209.8,12282.0,55.41,220.0,51,2775,10251,33,1748,0.0,0
2026-06-15T16:52:42.567128+00:00,337.082,0,NVIDIA GeForce RTX 4070 SUPER,100,10,12209.8,12282.0,71.34,220.0,57,2775,10251,33,1748,0.0,0
2026-06-15T16:52:43.507291+00:00,338.082,0,NVIDIA GeForce RTX 4070 SUPER,100,3,12209.8,12282.0,57.07,220.0,51,2775,10251,33,1748,0.0,0
2026-06-15T16:52:44.505667+00:00,339.082,0,NVIDIA GeForce RTX 4070 SUPER,100,2,12209.8,12282.0,55.85,220.0,50,2775,10251,33,1748,0.0,0
2026-06-15T16:52:45.513500+00:00,340.082,0,NVIDIA GeForce RTX 4070 SUPER,100,3,12209.8,12282.0,73.02,220.0,51,2775,10251,33,1748,0.0,0
2026-06-15T16:52:46.510458+00:00,341.082,0,NVIDIA GeForce RTX 4070 SUPER,100,3,12209.8,12282.0,55.03,220.0,51,2775,10251,33,1748,0.0,0
2026-06-15T16:52:47.511668+00:00,342.082,0,NVIDIA GeForce RTX 4070 SUPER,100,2,12209.8,12282.0,72.19,220.0,53,2775,10251,32,1748,0.0,0
2026-06-15T16:52:48.513789+00:00,343.083,0,NVIDIA GeForce RTX 4070 SUPER,100,2,12209.8,12282.0,56.73,220.0,51,2775,10251,32,1748,0.0,0
2026-06-15T16:52:49.631903+00:00,344.083,0,NVIDIA GeForce RTX 4070 SUPER,100,2,12209.8,12282.0,69.81,220.0,51,2745,10251,32,1748,0.0,0
2026-06-15T16:52:50.513573+00:00,345.083,0,NVIDIA GeForce RTX 4070 SUPER,100,2,12209.8,12282.0,71.25,220.0,51,2775,10251,32,1748,0.0,0
2026-06-15T16:52:51.506060+00:00,346.083,0,NVIDIA GeForce RTX 4070 SUPER,100,2,12209.8,12282.0,55.25,220.0,51,2775,10251,32,1748,0.0,0
2026-06-15T16:52:52.509257+00:00,347.083,0,NVIDIA GeForce RTX 4070 SUPER,100,2,12209.8,12282.0,72.27,220.0,51,2775,10251,32,1748,0.0,0
2026-06-15T16:52:53.510333+00:00,348.083,0,NVIDIA GeForce RTX 4070 SUPER,100,3,12209.8,12282.0,55.55,220.0,51,2775,10251,32,1748,0.0,0
2026-06-15T16:52:54.507290+00:00,349.083,0,NVIDIA GeForce RTX 4070 SUPER,100,9,12209.8,12282.0,70.42,220.0,65,2775,10251,32,1748,0.0,0
2026-06-15T16:52:55.508492+00:00,350.084,0,NVIDIA GeForce RTX 4070 SUPER,100,2,12209.8,12282.0,55.88,220.0,51,2775,10251,32,1748,0.0,0
2026-06-15T16:52:56.507678+00:00,351.084,0,NVIDIA GeForce RTX 4070 SUPER,100,2,12209.8,12282.0,55.15,220.0,50,2775,10251,32,1748,0.0,0
2026-06-15T16:52:57.509793+00:00,352.084,0,NVIDIA GeForce RTX 4070 SUPER,100,3,12209.8,12282.0,72.38,220.0,51,2775,10251,32,1748,0.0,0
2026-06-15T16:52:58.510308+00:00,353.084,0,NVIDIA GeForce RTX 4070 SUPER,100,3,12209.8,12282.0,54.97,220.0,51,2775,10251,32,1748,0.0,0
2026-06-15T16:52:59.505141+00:00,354.084,0,NVIDIA GeForce RTX 4070 SUPER,100,2,12209.8,12282.0,71.48,220.0,54,2775,10251,32,1748,0.0,0
2026-06-15T16:53:00.511702+00:00,355.084,0,NVIDIA GeForce RTX 4070 SUPER,100,2,12209.8,12282.0,56.25,220.0,51,2775,10251,32,1748,0.0,0
2026-06-15T16:53:01.636263+00:00,356.085,0,NVIDIA GeForce RTX 4070 SUPER,100,2,12209.8,12282.0,63.36,220.0,51,2715,10251,32,1748,0.0,0
2026-06-15T16:53:02.514308+00:00,357.085,0,NVIDIA GeForce RTX 4070 SUPER,100,2,12209.8,12282.0,70.82,220.0,51,2775,10251,32,1748,0.0,0
2026-06-15T16:53:03.510721+00:00,358.086,0,NVIDIA GeForce RTX 4070 SUPER,100,2,12209.8,12282.0,54.74,220.0,51,2775,10251,32,1748,0.0,0
2026-06-15T16:53:04.514765+00:00,359.086,0,NVIDIA GeForce RTX 4070 SUPER,100,2,12209.8,12282.0,72.09,220.0,52,2775,10251,32,1748,0.0,0
2026-06-15T16:53:05.514862+00:00,360.086,0,NVIDIA GeForce RTX 4070 SUPER,100,3,12209.8,12282.0,55.57,220.0,51,2775,10251,32,1748,0.0,0
2026-06-15T16:53:06.508603+00:00,361.086,0,NVIDIA GeForce RTX 4070 SUPER,100,9,12209.8,12282.0,71.74,220.0,67,2775,10251,32,1748,0.0,0
2026-06-15T16:53:07.509365+00:00,362.086,0,NVIDIA GeForce RTX 4070 SUPER,100,2,12209.8,12282.0,56.68,220.0,51,2775,10251,32,1748,0.0,0
2026-06-15T16:53:08.513882+00:00,363.086,0,NVIDIA GeForce RTX 4070 SUPER,100,3,12209.8,12282.0,55.97,220.0,51,2775,10251,32,1748,0.0,0
2026-06-15T16:53:09.513551+00:00,364.087,0,NVIDIA GeForce RTX 4070 SUPER,100,3,12209.8,12282.0,72.83,220.0,51,2775,10251,32,1748,0.0,0
2026-06-15T16:53:10.513054+00:00,365.088,0,NVIDIA GeForce RTX 4070 SUPER,100,3,12209.8,12282.0,54.98,220.0,51,2775,10251,32,1748,0.0,0
2026-06-15T16:53:11.509652+00:00,366.088,0,NVIDIA GeForce RTX 4070 SUPER,100,2,12209.8,12282.0,73.15,220.0,52,2775,10251,32,1748,0.0,0
2026-06-15T16:53:12.515306+00:00,367.088,0,NVIDIA GeForce RTX 4070 SUPER,100,3,12209.8,12282.0,56.27,220.0,51,2775,10251,32,1748,0.0,0
2026-06-15T16:53:13.573311+00:00,368.088,0,NVIDIA GeForce RTX 4070 SUPER,100,9,12209.8,12282.0,73.08,220.0,51,2775,10251,32,1748,0.0,0
2026-06-15T16:53:14.515184+00:00,369.088,0,NVIDIA GeForce RTX 4070 SUPER,100,2,12209.8,12282.0,59.73,220.0,51,2775,10251,32,1748,0.0,0
2026-06-15T16:53:15.512432+00:00,370.088,0,NVIDIA GeForce RTX 4070 SUPER,100,2,12209.8,12282.0,55.78,220.0,51,2775,10251,32,1748,0.0,0
2026-06-15T16:53:16.516028+00:00,371.089,0,NVIDIA GeForce RTX 4070 SUPER,100,2,12209.8,12282.0,72.8,220.0,52,2775,10251,32,1748,0.0,0
2026-06-15T16:53:17.516246+00:00,372.089,0,NVIDIA GeForce RTX 4070 SUPER,100,2,12209.8,12282.0,55.05,220.0,51,2775,10251,32,1748,0.0,0
2026-06-15T16:53:18.510521+00:00,373.089,0,NVIDIA GeForce RTX 4070 SUPER,100,2,12209.8,12282.0,70.65,220.0,55,2775,10251,32,1748,0.0,0
2026-06-15T16:53:19.514887+00:00,374.089,0,NVIDIA GeForce RTX 4070 SUPER,100,2,12209.8,12282.0,56.86,220.0,51,2775,10251,32,1748,0.0,0
2026-06-15T16:53:20.509183+00:00,375.089,0,NVIDIA GeForce RTX 4070 SUPER,100,2,12209.8,12282.0,56.04,220.0,51,2775,10251,32,1748,0.0,0
2026-06-15T16:53:21.516994+00:00,376.09,0,NVIDIA GeForce RTX 4070 SUPER,100,2,12209.8,12282.0,71.74,220.0,51,2775,10251,32,1748,0.0,0
2026-06-15T16:53:22.512252+00:00,377.09,0,NVIDIA GeForce RTX 4070 SUPER,100,3,12209.8,12282.0,54.92,220.0,51,2775,10251,31,1748,0.0,0
2026-06-15T16:53:23.512572+00:00,378.091,0,NVIDIA GeForce RTX 4070 SUPER,100,2,12209.8,12282.0,71.83,220.0,52,2775,10251,31,1748,0.0,0
2026-06-15T16:53:24.517836+00:00,379.091,0,NVIDIA GeForce RTX 4070 SUPER,100,3,12209.8,12282.0,55.93,220.0,51,2775,10251,31,1748,0.0,0
2026-06-15T16:53:25.554125+00:00,380.091,0,NVIDIA GeForce RTX 4070 SUPER,100,10,12209.8,12282.0,73.09,220.0,67,2775,10251,31,1748,0.0,0
2026-06-15T16:53:26.520740+00:00,381.091,0,NVIDIA GeForce RTX 4070 SUPER,100,2,12209.8,12282.0,56.79,220.0,51,2775,10251,31,1748,0.0,0
2026-06-15T16:53:27.512531+00:00,382.092,0,NVIDIA GeForce RTX 4070 SUPER,100,2,12209.8,12282.0,55.23,220.0,51,2775,10251,31,1748,0.0,0
2026-06-15T16:53:28.519804+00:00,383.092,0,NVIDIA GeForce RTX 4070 SUPER,100,2,12209.8,12282.0,71.77,220.0,51,2775,10251,31,1748,0.0,0
2026-06-15T16:53:29.524610+00:00,384.092,0,NVIDIA GeForce RTX 4070 SUPER,100,3,12209.8,12282.0,55.02,220.0,51,2775,10251,31,1748,0.0,0
2026-06-15T16:53:30.514881+00:00,385.092,0,NVIDIA GeForce RTX 4070 SUPER,100,10,12209.8,12282.0,71.28,220.0,55,2775,10251,31,1748,0.0,0
2026-06-15T16:53:31.516040+00:00,386.093,0,NVIDIA GeForce RTX 4070 SUPER,100,2,12209.8,12282.0,56.51,220.0,51,2775,10251,31,1748,0.0,0
2026-06-15T16:53:32.519292+00:00,387.093,0,NVIDIA GeForce RTX 4070 SUPER,100,3,12209.8,12282.0,55.88,220.0,52,2775,10251,31,1748,0.0,0
2026-06-15T16:53:33.524109+00:00,388.093,0,NVIDIA GeForce RTX 4070 SUPER,100,3,12209.8,12282.0,72.22,220.0,51,2775,10251,31,1748,0.0,0
2026-06-15T16:53:34.522061+00:00,389.093,0,NVIDIA GeForce RTX 4070 SUPER,100,3,12209.8,12282.0,55.02,220.0,51,2775,10251,31,1748,0.0,0
2026-06-15T16:53:35.520111+00:00,390.093,0,NVIDIA GeForce RTX 4070 SUPER,100,2,12209.8,12282.0,71.34,220.0,52,2775,10251,31,1748,0.0,0
2026-06-15T16:53:36.525640+00:00,391.094,0,NVIDIA GeForce RTX 4070 SUPER,100,3,12209.8,12282.0,56.29,220.0,51,2775,10251,31,1748,0.0,0
2026-06-15T16:53:37.604945+00:00,392.094,0,NVIDIA GeForce RTX 4070 SUPER,100,4,12209.8,12282.0,71.34,220.0,51,2775,10251,31,1748,0.0,0
2026-06-15T16:53:38.523141+00:00,393.095,0,NVIDIA GeForce RTX 4070 SUPER,100,2,12209.8,12282.0,66.61,220.0,51,2775,10251,31,1748,0.0,0
2026-06-15T16:53:39.518843+00:00,394.095,0,NVIDIA GeForce RTX 4070 SUPER,100,2,12209.8,12282.0,55.34,220.0,51,2775,10251,31,1748,0.0,0
2026-06-15T16:53:40.525253+00:00,395.095,0,NVIDIA GeForce RTX 4070 SUPER,100,2,12209.8,12282.0,71.79,220.0,51,2775,10251,31,1748,0.0,0
2026-06-15T16:53:41.524815+00:00,396.095,0,NVIDIA GeForce RTX 4070 SUPER,100,2,12209.8,12282.0,55.41,220.0,51,2775,10251,31,1748,0.0,0
2026-06-15T16:53:42.519427+00:00,397.096,0,NVIDIA GeForce RTX 4070 SUPER,100,6,12209.8,12282.0,70.0,220.0,53,2775,10251,31,1748,0.0,0
2026-06-15T16:53:43.522020+00:00,398.096,0,NVIDIA GeForce RTX 4070 SUPER,100,2,12209.8,12282.0,56.68,220.0,51,2775,10251,31,1748,0.0,0
2026-06-15T16:53:44.518042+00:00,399.096,0,NVIDIA GeForce RTX 4070 SUPER,100,3,12209.8,12282.0,55.96,220.0,51,2775,10251,31,1748,0.0,0
2026-06-15T16:53:45.521857+00:00,400.096,0,NVIDIA GeForce RTX 4070 SUPER,100,3,12209.8,12282.0,70.47,220.0,51,2775,10251,31,1748,0.0,0
2026-06-15T16:53:46.517652+00:00,401.096,0,NVIDIA GeForce RTX 4070 SUPER,100,3,12209.8,12282.0,54.93,220.0,51,2775,10251,31,1748,0.0,0
2026-06-15T16:53:47.517412+00:00,402.096,0,NVIDIA GeForce RTX 4070 SUPER,100,2,12209.8,12282.0,71.15,220.0,52,2775,10251,31,1748,0.0,0
2026-06-15T16:53:48.522299+00:00,403.096,0,NVIDIA GeForce RTX 4070 SUPER,100,3,12209.8,12282.0,55.69,220.0,51,2775,10251,31,1748,0.0,0
2026-06-15T16:53:49.518861+00:00,404.096,0,NVIDIA GeForce RTX 4070 SUPER,100,10,12209.8,12282.0,71.77,220.0,67,2775,10251,31,1748,0.0,0
2026-06-15T16:53:50.521119+00:00,405.097,0,NVIDIA GeForce RTX 4070 SUPER,100,3,12209.8,12282.0,56.47,220.0,51,2775,10251,31,1748,0.0,0
2026-06-15T16:53:51.520082+00:00,406.097,0,NVIDIA GeForce RTX 4070 SUPER,100,2,12209.8,12282.0,55.94,220.0,51,2775,10251,31,1748,0.0,0
2026-06-15T16:53:52.526219+00:00,407.097,0,NVIDIA GeForce RTX 4070 SUPER,100,3,12209.8,12282.0,71.47,220.0,51,2775,10251,31,1748,0.0,0
2026-06-15T16:53:53.523253+00:00,408.097,0,NVIDIA GeForce RTX 4070 SUPER,100,3,12209.8,12282.0,54.95,220.0,51,2775,10251,31,1748,0.0,0
2026-06-15T16:53:54.519151+00:00,409.097,0,NVIDIA GeForce RTX 4070 SUPER,100,2,12209.8,12282.0,71.0,220.0,52,2775,10251,31,1748,0.0,0
2026-06-15T16:53:55.526054+00:00,410.097,0,NVIDIA GeForce RTX 4070 SUPER,100,2,12209.8,12282.0,56.59,220.0,52,2775,10251,31,1748,0.0,0
2026-06-15T16:53:56.617413+00:00,411.097,0,NVIDIA GeForce RTX 4070 SUPER,100,2,12209.8,12282.0,71.32,220.0,51,2745,10251,31,1748,0.0,0
2026-06-15T16:53:57.524376+00:00,412.098,0,NVIDIA GeForce RTX 4070 SUPER,100,2,12209.8,12282.0,71.56,220.0,51,2775,10251,31,1748,0.0,0
2026-06-15T16:53:58.519031+00:00,413.098,0,NVIDIA GeForce RTX 4070 SUPER,100,2,12209.8,12282.0,55.24,220.0,51,2775,10251,31,1748,0.0,0
2026-06-15T16:53:59.526158+00:00,414.098,0,NVIDIA GeForce RTX 4070 SUPER,100,2,12209.8,12282.0,72.47,220.0,52,2775,10251,31,1748,0.0,0
2026-06-15T16:54:00.525836+00:00,415.098,0,NVIDIA GeForce RTX 4070 SUPER,100,2,12209.8,12282.0,55.3,220.0,51,2775,10251,31,1748,0.0,0
2026-06-15T16:54:01.521591+00:00,416.098,0,NVIDIA GeForce RTX 4070 SUPER,100,10,12209.8,12282.0,70.71,220.0,57,2775,10251,31,1748,0.0,0
2026-06-15T16:54:02.521169+00:00,417.098,0,NVIDIA GeForce RTX 4070 SUPER,100,3,12209.8,12282.0,56.81,220.0,51,2775,10251,31,1748,0.0,0
2026-06-15T16:54:03.523899+00:00,418.098,0,NVIDIA GeForce RTX 4070 SUPER,100,3,12209.8,12282.0,55.84,220.0,52,2775,10251,31,1748,0.0,0
2026-06-15T16:54:04.529150+00:00,419.099,0,NVIDIA GeForce RTX 4070 SUPER,100,3,12209.8,12282.0,72.05,220.0,51,2775,10251,31,1748,0.0,0
2026-06-15T16:54:05.525811+00:00,420.099,0,NVIDIA GeForce RTX 4070 SUPER,100,3,12209.8,12282.0,54.99,220.0,51,2775,10251,31,1748,0.0,0
2026-06-15T16:54:06.521137+00:00,421.099,0,NVIDIA GeForce RTX 4070 SUPER,100,2,12209.8,12282.0,71.23,220.0,52,2775,10251,31,1748,0.0,0
2026-06-15T16:54:07.531078+00:00,422.099,0,NVIDIA GeForce RTX 4070 SUPER,100,2,12209.8,12282.0,55.78,220.0,51,2775,10251,31,1748,0.0,0
2026-06-15T16:54:08.520843+00:00,423.099,0,NVIDIA GeForce RTX 4070 SUPER,100,2,12209.8,12282.0,55.54,220.0,51,2775,10251,31,1748,0.0,0
2026-06-15T16:54:09.528678+00:00,424.099,0,NVIDIA GeForce RTX 4070 SUPER,100,2,12209.8,12282.0,71.3,220.0,51,2775,10251,31,1748,0.0,0
2026-06-15T16:54:10.523997+00:00,425.099,0,NVIDIA GeForce RTX 4070 SUPER,100,3,12209.8,12282.0,54.77,220.0,51,2775,10251,30,1748,0.0,0
2026-06-15T16:54:11.526153+00:00,426.1,0,NVIDIA GeForce RTX 4070 SUPER,100,2,12209.8,12282.0,72.34,220.0,52,2775,10251,30,1748,0.0,0
2026-06-15T16:54:12.530166+00:00,427.1,0,NVIDIA GeForce RTX 4070 SUPER,100,3,12209.8,12282.0,55.77,220.0,51,2775,10251,30,1748,0.0,0
2026-06-15T16:54:13.526985+00:00,428.1,0,NVIDIA GeForce RTX 4070 SUPER,100,10,12209.8,12282.0,72.1,220.0,66,2775,10251,30,1748,0.0,0
2026-06-15T16:54:14.527344+00:00,429.1,0,NVIDIA GeForce RTX 4070 SUPER,100,3,12209.8,12282.0,57.04,220.0,51,2775,10251,30,1748,0.0,0
2026-06-15T16:54:15.526089+00:00,430.1,0,NVIDIA GeForce RTX 4070 SUPER,100,2,12209.8,12282.0,55.83,220.0,51,2775,10251,30,1748,0.0,0
2026-06-15T16:54:16.534119+00:00,431.1,0,NVIDIA GeForce RTX 4070 SUPER,100,3,12209.8,12282.0,72.36,220.0,52,2775,10251,30,1748,0.0,0
2026-06-15T16:54:17.529968+00:00,432.1,0,NVIDIA GeForce RTX 4070 SUPER,100,3,12209.8,12282.0,54.95,220.0,51,2775,10251,30,1748,0.0,0
2026-06-15T16:54:18.527345+00:00,433.101,0,NVIDIA GeForce RTX 4070 SUPER,100,2,12209.8,12282.0,72.24,220.0,53,2775,10251,30,1748,0.0,0
2026-06-15T16:54:19.531834+00:00,434.101,0,NVIDIA GeForce RTX 4070 SUPER,100,2,12209.8,12282.0,56.54,220.0,51,2775,10251,30,1748,0.0,0
2026-06-15T16:54:20.527326+00:00,435.101,0,NVIDIA GeForce RTX 4070 SUPER,100,2,12209.8,12282.0,64.39,220.0,51,2670,10251,30,1748,0.0,0
2026-06-15T16:54:21.528510+00:00,436.101,0,NVIDIA GeForce RTX 4070 SUPER,100,2,12209.8,12282.0,72.84,220.0,51,2775,10251,30,1748,0.0,0
2026-06-15T16:54:22.522715+00:00,437.101,0,NVIDIA GeForce RTX 4070 SUPER,100,2,12209.8,12282.0,54.78,220.0,51,2775,10251,30,1748,0.0,0
2026-06-15T16:54:23.527201+00:00,438.102,0,NVIDIA GeForce RTX 4070 SUPER,100,2,12209.8,12282.0,72.97,220.0,52,2775,10251,30,1748,0.0,0
2026-06-15T16:54:24.527767+00:00,439.102,0,NVIDIA GeForce RTX 4070 SUPER,100,3,12209.8,12282.0,55.48,220.0,51,2775,10251,30,1748,0.0,0
2026-06-15T16:54:25.524983+00:00,440.102,0,NVIDIA GeForce RTX 4070 SUPER,100,10,12209.8,12282.0,74.13,220.0,56,2775,10251,30,1748,0.0,0
2026-06-15T16:54:26.523712+00:00,441.102,0,NVIDIA GeForce RTX 4070 SUPER,100,2,12209.8,12282.0,56.75,220.0,51,2775,10251,30,1748,0.0,0
2026-06-15T16:54:27.526189+00:00,442.102,0,NVIDIA GeForce RTX 4070 SUPER,100,3,12209.8,12282.0,55.85,220.0,52,2775,10251,30,1748,0.0,0
2026-06-15T16:54:28.528013+00:00,443.102,0,NVIDIA GeForce RTX 4070 SUPER,100,3,12209.8,12282.0,71.04,220.0,51,2775,10251,30,1748,0.0,0
2026-06-15T16:54:29.524334+00:00,444.103,0,NVIDIA GeForce RTX 4070 SUPER,100,3,12209.8,12282.0,54.87,220.0,51,2775,10251,30,1748,0.0,0
2026-06-15T16:54:30.523743+00:00,445.103,0,NVIDIA GeForce RTX 4070 SUPER,100,2,12209.8,12282.0,71.21,220.0,52,2775,10251,30,1748,0.0,0
2026-06-15T16:54:31.528793+00:00,446.103,0,NVIDIA GeForce RTX 4070 SUPER,100,3,12209.8,12282.0,55.76,220.0,51,2775,10251,30,1748,0.0,0
2026-06-15T16:54:32.524685+00:00,447.103,0,NVIDIA GeForce RTX 4070 SUPER,100,10,12209.8,12282.0,71.99,220.0,66,2775,10251,30,1748,0.0,0
2026-06-15T16:54:33.528122+00:00,448.103,0,NVIDIA GeForce RTX 4070 SUPER,100,3,12209.8,12282.0,56.48,220.0,51,2775,10251,30,1748,0.0,0
2026-06-15T16:54:34.528888+00:00,449.103,0,NVIDIA GeForce RTX 4070 SUPER,100,2,12209.8,12282.0,55.9,220.0,52,2775,10251,30,1748,0.0,0
2026-06-15T16:54:35.531864+00:00,450.103,0,NVIDIA GeForce RTX 4070 SUPER,100,3,12209.8,12282.0,73.21,220.0,52,2775,10251,30,1748,0.0,0
2026-06-15T16:54:36.529806+00:00,451.104,0,NVIDIA GeForce RTX 4070 SUPER,100,3,12209.8,12282.0,54.87,220.0,51,2775,10251,30,1748,0.0,0
2026-06-15T16:54:37.525907+00:00,452.104,0,NVIDIA GeForce RTX 4070 SUPER,100,2,12209.8,12282.0,72.58,220.0,53,2775,10251,30,1748,0.0,0
2026-06-15T16:54:38.537898+00:00,453.104,0,NVIDIA GeForce RTX 4070 SUPER,100,2,12209.8,12282.0,56.64,220.0,51,2775,10251,30,1748,0.0,0
2026-06-15T16:54:39.526889+00:00,454.104,0,NVIDIA GeForce RTX 4070 SUPER,100,2,12209.8,12282.0,67.7,220.0,51,2745,10251,30,1748,0.0,0
2026-06-15T16:54:40.534304+00:00,455.104,0,NVIDIA GeForce RTX 4070 SUPER,100,2,12209.8,12282.0,72.81,220.0,51,2775,10251,30,1748,0.0,0
2026-06-15T16:54:41.525790+00:00,456.104,0,NVIDIA GeForce RTX 4070 SUPER,100,2,12209.8,12282.0,55.14,220.0,51,2775,10251,30,1748,0.0,0
2026-06-15T16:54:42.534602+00:00,457.104,0,NVIDIA GeForce RTX 4070 SUPER,100,2,12209.8,12282.0,73.41,220.0,52,2775,10251,30,1748,0.0,0
2026-06-15T16:54:43.538505+00:00,458.105,0,NVIDIA GeForce RTX 4070 SUPER,100,3,12209.8,12282.0,55.62,220.0,51,2775,10251,30,1748,0.0,0
2026-06-15T16:54:44.534241+00:00,459.105,0,NVIDIA GeForce RTX 4070 SUPER,100,10,12209.8,12282.0,71.23,220.0,56,2775,10251,30,1748,0.0,0
2026-06-15T16:54:45.532387+00:00,460.105,0,NVIDIA GeForce RTX 4070 SUPER,100,2,12209.8,12282.0,56.71,220.0,51,2775,10251,30,1748,0.0,0
2026-06-15T16:54:46.529528+00:00,461.105,0,NVIDIA GeForce RTX 4070 SUPER,100,3,12209.8,12282.0,55.81,220.0,52,2775,10251,30,1748,0.0,0
2026-06-15T16:54:47.532541+00:00,462.105,0,NVIDIA GeForce RTX 4070 SUPER,100,3,12209.8,12282.0,71.38,220.0,52,2775,10251,30,1748,0.0,0
2026-06-15T16:54:48.528283+00:00,463.105,0,NVIDIA GeForce RTX 4070 SUPER,100,3,12209.8,12282.0,54.89,220.0,51,2775,10251,30,1748,0.0,0
2026-06-15T16:54:49.527335+00:00,464.106,0,NVIDIA GeForce RTX 4070 SUPER,100,2,12209.8,12282.0,70.8,220.0,52,2775,10251,30,1748,0.0,0
2026-06-15T16:54:50.532489+00:00,465.106,0,NVIDIA GeForce RTX 4070 SUPER,100,3,12209.8,12282.0,56.22,220.0,51,2775,10251,30,1748,0.0,0
2026-06-15T16:54:51.540798+00:00,466.106,0,NVIDIA GeForce RTX 4070 SUPER,100,5,12209.8,12282.0,71.3,220.0,51,2775,10251,30,1748,0.0,0
2026-06-15T16:54:52.535080+00:00,467.106,0,NVIDIA GeForce RTX 4070 SUPER,100,2,12209.8,12282.0,66.14,220.0,51,2775,10251,30,1748,0.0,0
2026-06-15T16:54:53.534068+00:00,468.106,0,NVIDIA GeForce RTX 4070 SUPER,100,2,12209.8,12282.0,55.47,220.0,51,2775,10251,30,1748,0.0,0
2026-06-15T16:54:54.538980+00:00,469.106,0,NVIDIA GeForce RTX 4070 SUPER,100,2,12209.8,12282.0,73.02,220.0,52,2775,10251,30,1748,0.0,0
2026-06-15T16:54:55.537461+00:00,470.106,0,NVIDIA GeForce RTX 4070 SUPER,100,2,12209.8,12282.0,55.43,220.0,51,2775,10251,30,1748,0.0,0
2026-06-15T16:54:56.531858+00:00,471.106,0,NVIDIA GeForce RTX 4070 SUPER,100,5,12209.8,12282.0,72.08,220.0,54,2775,10251,30,1748,0.0,0
2026-06-15T16:54:57.536387+00:00,472.106,0,NVIDIA GeForce RTX 4070 SUPER,100,2,12209.8,12282.0,56.22,220.0,51,2775,10251,30,1748,0.0,0
2026-06-15T16:54:58.662151+00:00,473.107,0,NVIDIA GeForce RTX 4070 SUPER,100,2,12209.8,12282.0,55.82,220.0,51,2670,10251,30,1748,0.0,0
2026-06-15T16:54:59.532943+00:00,474.107,0,NVIDIA GeForce RTX 4070 SUPER,100,3,12209.8,12282.0,71.38,220.0,51,2775,10251,30,1748,0.0,0
2026-06-15T16:55:00.528503+00:00,475.107,0,NVIDIA GeForce RTX 4070 SUPER,100,2,12209.8,12282.0,54.4,220.0,51,2775,10251,30,1748,0.0,0
2026-06-15T16:55:01.529108+00:00,476.107,0,NVIDIA GeForce RTX 4070 SUPER,100,2,12209.8,12282.0,70.79,220.0,52,2775,10251,30,1748,0.0,0
2026-06-15T16:55:02.534731+00:00,477.107,0,NVIDIA GeForce RTX 4070 SUPER,100,3,12209.8,12282.0,55.91,220.0,52,2775,10251,30,1748,0.0,0
2026-06-15T16:55:03.527090+00:00,478.107,0,NVIDIA GeForce RTX 4070 SUPER,100,2,12209.8,12282.0,73.19,220.0,53,2670,10251,30,1748,0.0,0
2026-06-15T16:55:04.532682+00:00,479.107,0,NVIDIA GeForce RTX 4070 SUPER,100,2,12209.8,12282.0,72.76,220.0,52,2775,10251,30,1748,0.0,0
2026-06-15T16:55:05.530275+00:00,480.108,0,NVIDIA GeForce RTX 4070 SUPER,100,3,12209.8,12282.0,55.09,220.0,51,2775,10251,30,1748,0.0,0
2026-06-15T16:55:06.534877+00:00,481.108,0,NVIDIA GeForce RTX 4070 SUPER,100,2,12209.8,12282.0,71.68,220.0,52,2775,10251,30,1748,0.0,0
2026-06-15T16:55:07.534871+00:00,482.108,0,NVIDIA GeForce RTX 4070 SUPER,100,3,12209.8,12282.0,55.94,220.0,51,2775,10251,30,1748,0.0,0
2026-06-15T16:55:08.530533+00:00,483.108,0,NVIDIA GeForce RTX 4070 SUPER,100,10,12209.8,12282.0,71.88,220.0,68,2775,10251,30,1748,0.0,0
2026-06-15T16:55:09.531201+00:00,484.108,0,NVIDIA GeForce RTX 4070 SUPER,100,3,12209.8,12282.0,55.73,220.0,51,2775,10251,30,1748,0.0,0
2026-06-15T16:55:10.534702+00:00,485.109,0,NVIDIA GeForce RTX 4070 SUPER,100,2,12209.8,12282.0,55.79,220.0,52,2775,10251,30,1748,0.0,0
2026-06-15T16:55:11.536577+00:00,486.109,0,NVIDIA GeForce RTX 4070 SUPER,100,3,12209.8,12282.0,73.04,220.0,52,2775,10251,30,1748,0.0,0
2026-06-15T16:55:12.534197+00:00,487.109,0,NVIDIA GeForce RTX 4070 SUPER,100,3,12209.8,12282.0,54.86,220.0,51,2775,10251,30,1748,0.0,0
2026-06-15T16:55:13.530836+00:00,488.109,0,NVIDIA GeForce RTX 4070 SUPER,100,2,12209.8,12282.0,71.17,220.0,52,2775,10251,30,1748,0.0,0
2026-06-15T16:55:14.540584+00:00,489.109,0,NVIDIA GeForce RTX 4070 SUPER,100,3,12209.8,12282.0,56.14,220.0,52,2775,10251,30,1748,0.0,0
2026-06-15T16:55:15.535009+00:00,490.109,0,NVIDIA GeForce RTX 4070 SUPER,100,4,12209.8,12282.0,71.28,220.0,51,2760,10251,30,1748,0.0,0
2026-06-15T16:55:16.538958+00:00,491.109,0,NVIDIA GeForce RTX 4070 SUPER,100,2,12209.8,12282.0,68.26,220.0,51,2775,10251,30,1748,0.0,0
2026-06-15T16:55:17.531452+00:00,492.11,0,NVIDIA GeForce RTX 4070 SUPER,100,2,12209.8,12282.0,69.41,220.0,51,2760,10251,30,1748,0.0,0
2026-06-15T16:55:18.537208+00:00,493.11,0,NVIDIA GeForce RTX 4070 SUPER,100,2,12209.8,12282.0,91.43,220.0,52,2775,10251,30,1748,0.0,0
2026-06-15T16:55:19.536974+00:00,494.11,0,NVIDIA GeForce RTX 4070 SUPER,100,3,12209.8,12282.0,55.59,220.0,51,2775,10251,30,1748,0.0,0
2026-06-15T16:55:20.531925+00:00,495.11,0,NVIDIA GeForce RTX 4070 SUPER,100,10,12209.8,12282.0,70.44,220.0,59,2775,10251,30,1748,0.0,0
2026-06-15T16:55:21.537130+00:00,496.11,0,NVIDIA GeForce RTX 4070 SUPER,100,3,12209.8,12282.0,56.85,220.0,51,2775,10251,30,1748,0.0,0
2026-06-15T16:55:22.535427+00:00,497.111,0,NVIDIA GeForce RTX 4070 SUPER,100,3,12209.8,12282.0,56.01,220.0,52,2775,10251,30,1748,0.0,0
2026-06-15T16:55:23.538410+00:00,498.111,0,NVIDIA GeForce RTX 4070 SUPER,100,3,12209.8,12282.0,73.26,220.0,52,2775,10251,30,1748,0.0,0
2026-06-15T16:55:24.535917+00:00,499.111,0,NVIDIA GeForce RTX 4070 SUPER,100,3,12209.8,12282.0,55.14,220.0,51,2775,10251,30,1748,0.0,0
2026-06-15T16:55:25.534389+00:00,500.111,0,NVIDIA GeForce RTX 4070 SUPER,100,2,12209.8,12282.0,73.19,220.0,53,2775,10251,30,1748,0.0,0
2026-06-15T16:55:26.541733+00:00,501.112,0,NVIDIA GeForce RTX 4070 SUPER,100,3,12209.8,12282.0,56.62,220.0,52,2775,10251,30,1748,0.0,0
2026-06-15T16:55:27.586247+00:00,502.112,0,NVIDIA GeForce RTX 4070 SUPER,100,4,12209.8,12282.0,71.3,220.0,69,2775,10251,30,1748,0.0,0
2026-06-15T16:55:28.541210+00:00,503.112,0,NVIDIA GeForce RTX 4070 SUPER,100,2,12209.8,12282.0,70.05,220.0,51,2775,10251,30,1748,0.0,0
2026-06-15T16:55:29.538054+00:00,504.112,0,NVIDIA GeForce RTX 4070 SUPER,100,2,12209.8,12282.0,55.65,220.0,51,2775,10251,30,1748,0.0,0
2026-06-15T16:55:30.542008+00:00,505.113,0,NVIDIA GeForce RTX 4070 SUPER,100,2,12209.8,12282.0,72.88,220.0,52,2775,10251,30,1748,0.0,0
2026-06-15T16:55:31.541848+00:00,506.113,0,NVIDIA GeForce RTX 4070 SUPER,100,2,12209.8,12282.0,55.6,220.0,51,2775,10251,30,1748,0.0,0
2026-06-15T16:55:32.535200+00:00,507.113,0,NVIDIA GeForce RTX 4070 SUPER,100,5,12209.8,12282.0,71.9,220.0,54,2775,10251,30,1748,0.0,0
2026-06-15T16:55:33.542646+00:00,508.113,0,NVIDIA GeForce RTX 4070 SUPER,100,2,12209.8,12282.0,57.17,220.0,51,2775,10251,30,1748,0.0,0
2026-06-15T16:55:34.533148+00:00,509.114,0,NVIDIA GeForce RTX 4070 SUPER,100,3,12209.8,12282.0,56.09,220.0,52,2715,10251,30,1748,0.0,0
2026-06-15T16:55:35.543115+00:00,510.114,0,NVIDIA GeForce RTX 4070 SUPER,100,3,12209.8,12282.0,71.37,220.0,52,2775,10251,30,1748,0.0,0
2026-06-15T16:55:36.537550+00:00,511.114,0,NVIDIA GeForce RTX 4070 SUPER,100,2,12209.8,12282.0,55.06,220.0,51,2775,10251,30,1748,0.0,0
2026-06-15T16:55:37.539304+00:00,512.115,0,NVIDIA GeForce RTX 4070 SUPER,100,2,12209.8,12282.0,71.32,220.0,52,2775,10251,30,1748,0.0,0
2026-06-15T16:55:38.543607+00:00,513.115,0,NVIDIA GeForce RTX 4070 SUPER,100,3,12209.8,12282.0,56.14,220.0,52,2775,10251,30,1748,0.0,0
2026-06-15T16:55:39.538405+00:00,514.115,0,NVIDIA GeForce RTX 4070 SUPER,100,10,12209.8,12282.0,71.7,220.0,65,2775,10251,30,1748,0.0,0
2026-06-15T16:55:40.542543+00:00,515.115,0,NVIDIA GeForce RTX 4070 SUPER,100,2,12209.8,12282.0,55.86,220.0,51,2775,10251,30,1748,0.0,0
2026-06-15T16:55:41.541804+00:00,516.116,0,NVIDIA GeForce RTX 4070 SUPER,100,2,12209.8,12282.0,55.92,220.0,51,2775,10251,30,1748,0.0,0
2026-06-15T16:55:42.548815+00:00,517.116,0,NVIDIA GeForce RTX 4070 SUPER,100,2,12209.8,12282.0,71.47,220.0,52,2775,10251,30,1748,0.0,0
2026-06-15T16:55:43.542537+00:00,518.116,0,NVIDIA GeForce RTX 4070 SUPER,100,3,12209.8,12282.0,55.15,220.0,51,2775,10251,30,1748,0.0,0
2026-06-15T16:55:44.542549+00:00,519.116,0,NVIDIA GeForce RTX 4070 SUPER,100,2,12209.8,12282.0,71.41,220.0,53,2760,10251,30,1748,0.0,0
2026-06-15T16:55:45.547117+00:00,520.117,0,NVIDIA GeForce RTX 4070 SUPER,100,2,12209.8,12282.0,56.89,220.0,51,2775,10251,30,1748,0.0,0
2026-06-15T16:55:46.639290+00:00,521.117,0,NVIDIA GeForce RTX 4070 SUPER,100,2,12209.8,12282.0,65.12,220.0,52,2775,10251,30,1748,0.0,0
2026-06-15T16:55:47.544151+00:00,522.117,0,NVIDIA GeForce RTX 4070 SUPER,100,2,12209.8,12282.0,71.52,220.0,51,2775,10251,30,1748,0.0,0
2026-06-15T16:55:48.541842+00:00,523.118,0,NVIDIA GeForce RTX 4070 SUPER,100,2,12209.8,12282.0,55.21,220.0,51,2775,10251,30,1748,0.0,0
2026-06-15T16:55:49.545114+00:00,524.118,0,NVIDIA GeForce RTX 4070 SUPER,100,2,12209.8,12282.0,73.47,220.0,52,2775,10251,30,1748,0.0,0
2026-06-15T16:55:50.544038+00:00,525.118,0,NVIDIA GeForce RTX 4070 SUPER,100,2,12209.8,12282.0,55.7,220.0,51,2775,10251,30,1748,0.0,0
2026-06-15T16:55:51.539978+00:00,526.118,0,NVIDIA GeForce RTX 4070 SUPER,100,7,12209.8,12282.0,72.42,220.0,53,2775,10251,30,1748,0.0,0
2026-06-15T16:55:52.545705+00:00,527.118,0,NVIDIA GeForce RTX 4070 SUPER,100,2,12209.8,12282.0,56.9,220.0,51,2775,10251,30,1748,0.0,0
2026-06-15T16:55:53.710127+00:00,528.119,0,NVIDIA GeForce RTX 4070 SUPER,100,3,12209.8,12282.0,56.2,220.0,51,2685,10251,30,1748,0.0,0
2026-06-15T16:55:54.546783+00:00,529.119,0,NVIDIA GeForce RTX 4070 SUPER,100,3,12209.8,12282.0,71.47,220.0,51,2775,10251,30,1748,0.0,0
2026-06-15T16:55:55.542616+00:00,530.119,0,NVIDIA GeForce RTX 4070 SUPER,100,3,12209.8,12282.0,55.06,220.0,51,2775,10251,30,1748,0.0,0
2026-06-15T16:55:56.542641+00:00,531.12,0,NVIDIA GeForce RTX 4070 SUPER,100,2,12209.8,12282.0,71.66,220.0,52,2760,10251,30,1748,0.0,0
2026-06-15T16:55:57.547768+00:00,532.12,0,NVIDIA GeForce RTX 4070 SUPER,100,3,12209.8,12282.0,56.12,220.0,51,2775,10251,30,1748,0.0,0
2026-06-15T16:55:58.604768+00:00,533.12,0,NVIDIA GeForce RTX 4070 SUPER,100,10,12209.8,12282.0,73.66,220.0,57,2775,10251,30,1748,0.0,0
2026-06-15T16:55:59.548504+00:00,534.12,0,NVIDIA GeForce RTX 4070 SUPER,100,2,12209.8,12282.0,56.89,220.0,51,2775,10251,30,1748,0.0,0
2026-06-15T16:56:00.546487+00:00,535.12,0,NVIDIA GeForce RTX 4070 SUPER,100,2,12209.8,12282.0,55.51,220.0,51,2775,10251,30,1748,0.0,0
2026-06-15T16:56:01.553300+00:00,536.121,0,NVIDIA GeForce RTX 4070 SUPER,100,2,12209.8,12282.0,72.38,220.0,52,2775,10251,30,1748,0.0,0
2026-06-15T16:56:02.551291+00:00,537.121,0,NVIDIA GeForce RTX 4070 SUPER,100,2,12209.8,12282.0,55.66,220.0,51,2775,10251,30,1748,0.0,0
2026-06-15T16:56:03.546999+00:00,538.121,0,NVIDIA GeForce RTX 4070 SUPER,100,9,12209.8,12282.0,71.1,220.0,53,2760,10251,30,1748,0.0,0
2026-06-15T16:56:04.553182+00:00,539.121,0,NVIDIA GeForce RTX 4070 SUPER,100,2,12209.8,12282.0,56.88,220.0,51,2775,10251,30,1748,0.0,0
2026-06-15T16:56:05.541804+00:00,540.122,0,NVIDIA GeForce RTX 4070 SUPER,100,3,12209.8,12282.0,56.12,220.0,52,2775,10251,30,1748,0.0,0
2026-06-15T16:56:06.554774+00:00,541.122,0,NVIDIA GeForce RTX 4070 SUPER,100,3,12209.8,12282.0,71.69,220.0,52,2775,10251,30,1748,0.0,0
2026-06-15T16:56:07.546091+00:00,542.122,0,NVIDIA GeForce RTX 4070 SUPER,100,3,12209.8,12282.0,55.1,220.0,51,2775,10251,30,1748,0.0,0
2026-06-15T16:56:08.548714+00:00,543.122,0,NVIDIA GeForce RTX 4070 SUPER,100,2,12209.8,12282.0,73.36,220.0,52,2775,10251,30,1748,0.0,0
2026-06-15T16:56:09.553650+00:00,544.122,0,NVIDIA GeForce RTX 4070 SUPER,100,3,12209.8,12282.0,55.95,220.0,51,2775,10251,30,1748,0.0,0
2026-06-15T16:56:10.559360+00:00,545.123,0,NVIDIA GeForce RTX 4070 SUPER,100,8,12209.8,12282.0,73.35,220.0,63,2775,10251,30,1748,0.0,0
2026-06-15T16:56:11.553104+00:00,546.123,0,NVIDIA GeForce RTX 4070 SUPER,100,2,12209.8,12282.0,57.27,220.0,52,2775,10251,30,1748,0.0,0
2026-06-15T16:56:12.556145+00:00,547.123,0,NVIDIA GeForce RTX 4070 SUPER,100,3,12209.8,12282.0,56.03,220.0,52,2775,10251,30,1748,0.0,0
2026-06-15T16:56:13.564676+00:00,548.123,0,NVIDIA GeForce RTX 4070 SUPER,100,3,12209.8,12282.0,73.36,220.0,52,2775,10251,30,1748,0.0,0
2026-06-15T16:56:14.558702+00:00,549.123,0,NVIDIA GeForce RTX 4070 SUPER,100,2,12209.8,12282.0,55.24,220.0,51,2775,10251,30,1748,0.0,0
2026-06-15T16:56:15.552695+00:00,550.123,0,NVIDIA GeForce RTX 4070 SUPER,100,2,12209.8,12282.0,73.32,220.0,53,2775,10251,30,1748,0.0,0
2026-06-15T16:56:16.561729+00:00,551.124,0,NVIDIA GeForce RTX 4070 SUPER,100,3,12209.8,12282.0,56.89,220.0,52,2775,10251,30,1748,0.0,0
2026-06-15T16:56:17.622546+00:00,552.124,0,NVIDIA GeForce RTX 4070 SUPER,100,10,12209.8,12282.0,72.91,220.0,51,2745,10251,30,1748,0.0,0
2026-06-15T16:56:18.553543+00:00,553.124,0,NVIDIA GeForce RTX 4070 SUPER,100,2,12209.8,12282.0,72.93,220.0,52,2775,10251,30,1748,0.0,0
2026-06-15T16:56:19.545706+00:00,554.124,0,NVIDIA GeForce RTX 4070 SUPER,100,2,12209.8,12282.0,55.49,220.0,51,2775,10251,30,1748,0.0,0
2026-06-15T16:56:20.552501+00:00,555.125,0,NVIDIA GeForce RTX 4070 SUPER,100,3,12209.8,12282.0,73.37,220.0,52,2775,10251,30,1748,0.0,0
2026-06-15T16:56:21.552078+00:00,556.125,0,NVIDIA GeForce RTX 4070 SUPER,100,3,12209.8,12282.0,55.7,220.0,51,2775,10251,30,1748,0.0,0
2026-06-15T16:56:22.555938+00:00,557.125,0,NVIDIA GeForce RTX 4070 SUPER,100,2,12209.8,12282.0,73.28,220.0,54,2775,10251,30,1748,0.0,0
2026-06-15T16:56:23.547114+00:00,558.125,0,NVIDIA GeForce RTX 4070 SUPER,100,2,12209.8,12282.0,56.51,220.0,51,2775,10251,30,1748,0.0,0
2026-06-15T16:56:24.549687+00:00,559.125,0,NVIDIA GeForce RTX 4070 SUPER,100,2,12209.8,12282.0,56.05,220.0,52,2775,10251,30,1748,0.0,0
2026-06-15T16:56:25.551583+00:00,560.126,0,NVIDIA GeForce RTX 4070 SUPER,100,2,12209.8,12282.0,72.69,220.0,52,2775,10251,30,1748,0.0,0
2026-06-15T16:56:26.547563+00:00,561.126,0,NVIDIA GeForce RTX 4070 SUPER,100,2,12209.8,12282.0,55.02,220.0,51,2775,10251,30,1748,0.0,0
2026-06-15T16:56:27.547714+00:00,562.126,0,NVIDIA GeForce RTX 4070 SUPER,100,2,12209.8,12282.0,72.11,220.0,52,2775,10251,30,1748,0.0,0
2026-06-15T16:56:28.552176+00:00,563.126,0,NVIDIA GeForce RTX 4070 SUPER,100,2,12209.8,12282.0,56.17,220.0,52,2775,10251,30,1748,0.0,0
2026-06-15T16:56:29.548071+00:00,564.126,0,NVIDIA GeForce RTX 4070 SUPER,100,6,12209.8,12282.0,69.86,220.0,67,2775,10251,30,1748,0.0,0
2026-06-15T16:56:30.551815+00:00,565.127,0,NVIDIA GeForce RTX 4070 SUPER,100,2,12209.8,12282.0,56.7,220.0,52,2775,10251,30,1748,0.0,0
2026-06-15T16:56:31.550774+00:00,566.127,0,NVIDIA GeForce RTX 4070 SUPER,100,3,12209.8,12282.0,55.95,220.0,52,2775,10251,30,1748,0.0,0
2026-06-15T16:56:32.554331+00:00,567.127,0,NVIDIA GeForce RTX 4070 SUPER,100,3,12209.8,12282.0,71.82,220.0,52,2775,10251,30,1748,0.0,0
2026-06-15T16:56:33.553501+00:00,568.127,0,NVIDIA GeForce RTX 4070 SUPER,100,3,12209.8,12282.0,55.07,220.0,51,2775,10251,30,1748,0.0,0
2026-06-15T16:56:34.548713+00:00,569.127,0,NVIDIA GeForce RTX 4070 SUPER,100,2,12209.8,12282.0,71.91,220.0,53,2775,10251,30,1748,0.0,0
2026-06-15T16:56:35.552084+00:00,570.127,0,NVIDIA GeForce RTX 4070 SUPER,100,3,12209.8,12282.0,56.73,220.0,52,2775,10251,30,1748,0.0,0
2026-06-15T16:56:36.689405+00:00,571.128,0,NVIDIA GeForce RTX 4070 SUPER,100,10,12209.8,12282.0,71.55,220.0,51,2730,10251,30,1748,0.0,0
2026-06-15T16:56:37.555356+00:00,572.128,0,NVIDIA GeForce RTX 4070 SUPER,100,3,12209.8,12282.0,70.98,220.0,52,2775,10251,30,1748,0.0,0
2026-06-15T16:56:38.548467+00:00,573.128,0,NVIDIA GeForce RTX 4070 SUPER,100,2,12209.8,12282.0,55.52,220.0,51,2775,10251,30,1748,0.0,0
2026-06-15T16:56:39.556683+00:00,574.128,0,NVIDIA GeForce RTX 4070 SUPER,100,3,12209.8,12282.0,72.47,220.0,52,2775,10251,30,1748,0.0,0
2026-06-15T16:56:40.560781+00:00,575.128,0,NVIDIA GeForce RTX 4070 SUPER,100,2,12209.8,12282.0,55.61,220.0,51,2775,10251,30,1748,0.0,0
2026-06-15T16:56:41.550941+00:00,576.128,0,NVIDIA GeForce RTX 4070 SUPER,100,2,12209.8,12282.0,71.08,220.0,54,2760,10251,30,1748,0.0,0
2026-06-15T16:56:42.555252+00:00,577.128,0,NVIDIA GeForce RTX 4070 SUPER,100,2,12209.8,12282.0,57.12,220.0,51,2775,10251,30,1748,0.0,0
2026-06-15T16:56:43.553638+00:00,578.129,0,NVIDIA GeForce RTX 4070 SUPER,100,2,12209.8,12282.0,55.98,220.0,52,2775,10251,30,1748,0.0,0
2026-06-15T16:56:44.556518+00:00,579.129,0,NVIDIA GeForce RTX 4070 SUPER,100,2,12209.8,12282.0,71.44,220.0,52,2775,10251,30,1748,0.0,0
2026-06-15T16:56:45.554884+00:00,580.129,0,NVIDIA GeForce RTX 4070 SUPER,100,2,12209.8,12282.0,55.13,220.0,51,2775,10251,30,1748,0.0,0
2026-06-15T16:56:46.552823+00:00,581.129,0,NVIDIA GeForce RTX 4070 SUPER,100,2,12209.8,12282.0,70.79,220.0,52,2775,10251,30,1748,0.0,0
2026-06-15T16:56:47.560354+00:00,582.129,0,NVIDIA GeForce RTX 4070 SUPER,100,3,12209.8,12282.0,55.85,220.0,52,2775,10251,30,1748,0.0,0
2026-06-15T16:56:48.625049+00:00,583.129,0,NVIDIA GeForce RTX 4070 SUPER,100,10,12209.8,12282.0,73.51,220.0,61,2775,10251,30,1748,0.0,0
2026-06-15T16:56:49.559729+00:00,584.129,0,NVIDIA GeForce RTX 4070 SUPER,100,2,12209.8,12282.0,60.39,220.0,52,2775,10251,30,1748,0.0,0
2026-06-15T16:56:50.556161+00:00,585.129,0,NVIDIA GeForce RTX 4070 SUPER,100,3,12209.8,12282.0,56.03,220.0,51,2775,10251,30,1748,0.0,0
2026-06-15T16:56:51.557687+00:00,586.13,0,NVIDIA GeForce RTX 4070 SUPER,100,3,12209.8,12282.0,73.03,220.0,52,2775,10251,30,1748,0.0,0
2026-06-15T16:56:52.555587+00:00,587.13,0,NVIDIA GeForce RTX 4070 SUPER,100,3,12209.8,12282.0,55.34,220.0,51,2775,10251,30,1748,0.0,0
2026-06-15T16:56:53.551906+00:00,588.13,0,NVIDIA GeForce RTX 4070 SUPER,100,2,12209.8,12282.0,70.78,220.0,55,2775,10251,30,1748,0.0,0
2026-06-15T16:56:54.552400+00:00,589.13,0,NVIDIA GeForce RTX 4070 SUPER,100,2,12209.8,12282.0,56.86,220.0,51,2775,10251,30,1748,0.0,0
2026-06-15T16:56:55.553202+00:00,590.13,0,NVIDIA GeForce RTX 4070 SUPER,100,2,12209.8,12282.0,55.95,220.0,52,2775,10251,30,1748,0.0,0
2026-06-15T16:56:56.559908+00:00,591.13,0,NVIDIA GeForce RTX 4070 SUPER,100,2,12209.8,12282.0,71.52,220.0,52,2775,10251,30,1748,0.0,0
2026-06-15T16:56:57.557975+00:00,592.13,0,NVIDIA GeForce RTX 4070 SUPER,100,2,12209.8,12282.0,55.15,220.0,51,2775,10251,30,1748,0.0,0
2026-06-15T16:56:58.564960+00:00,593.131,0,NVIDIA GeForce RTX 4070 SUPER,100,2,12209.8,12282.0,72.58,220.0,52,2775,10251,30,1748,0.0,0
2026-06-15T16:56:59.561048+00:00,594.131,0,NVIDIA GeForce RTX 4070 SUPER,100,3,12209.8,12282.0,56.52,220.0,52,2775,10251,30,1748,0.0,0
2026-06-15T16:57:00.584865+00:00,595.131,0,NVIDIA GeForce RTX 4070 SUPER,100,10,12209.8,12282.0,71.73,220.0,51,2775,10251,30,1748,0.0,0
2026-06-15T16:57:01.559783+00:00,596.131,0,NVIDIA GeForce RTX 4070 SUPER,100,3,12209.8,12282.0,63.1,220.0,52,2775,10251,30,1748,0.0,0
2026-06-15T16:57:02.554905+00:00,597.131,0,NVIDIA GeForce RTX 4070 SUPER,100,3,12209.8,12282.0,55.49,220.0,51,2775,10251,30,1748,0.0,0
2026-06-15T16:57:03.629848+00:00,598.131,0,NVIDIA GeForce RTX 4070 SUPER,100,3,12209.8,12282.0,72.46,220.0,52,2760,10251,30,1748,0.0,0
2026-06-15T16:57:04.558398+00:00,599.131,0,NVIDIA GeForce RTX 4070 SUPER,100,3,12209.8,12282.0,55.27,220.0,51,2775,10251,30,1748,0.0,0
2026-06-15T16:57:05.553618+00:00,600.132,0,NVIDIA GeForce RTX 4070 SUPER,100,2,12209.8,12282.0,71.92,220.0,53,2775,10251,30,1748,0.0,0
2026-06-15T16:57:06.559099+00:00,601.132,0,NVIDIA GeForce RTX 4070 SUPER,100,3,12209.8,12282.0,56.96,220.0,51,2775,10251,30,1748,0.0,0
2026-06-15T16:57:07.691620+00:00,602.132,0,NVIDIA GeForce RTX 4070 SUPER,100,8,12209.8,12282.0,68.11,220.0,52,2775,10251,30,1748,0.0,0
2026-06-15T16:57:08.559536+00:00,603.132,0,NVIDIA GeForce RTX 4070 SUPER,100,2,12209.8,12282.0,71.21,220.0,51,2775,10251,30,1748,0.0,0
2026-06-15T16:57:09.553216+00:00,604.132,0,NVIDIA GeForce RTX 4070 SUPER,100,2,12209.8,12282.0,55.2,220.0,51,2775,10251,30,1748,0.0,0
2026-06-15T16:57:10.560452+00:00,605.132,0,NVIDIA GeForce RTX 4070 SUPER,100,2,12209.8,12282.0,72.79,220.0,52,2775,10251,30,1748,0.0,0
2026-06-15T16:57:11.561119+00:00,606.132,0,NVIDIA GeForce RTX 4070 SUPER,100,3,12209.8,12282.0,55.79,220.0,51,2775,10251,30,1748,0.0,0
2026-06-15T16:57:12.555114+00:00,607.133,0,NVIDIA GeForce RTX 4070 SUPER,100,2,12209.8,12282.0,70.88,220.0,55,2760,10251,30,1748,0.0,0
2026-06-15T16:57:13.564287+00:00,608.133,0,NVIDIA GeForce RTX 4070 SUPER,100,2,12209.8,12282.0,57.12,220.0,51,2775,10251,30,1748,0.0,0
2026-06-15T16:57:14.556464+00:00,609.133,0,NVIDIA GeForce RTX 4070 SUPER,100,2,12209.8,12282.0,56.12,220.0,52,2775,10251,30,1748,0.0,0
2026-06-15T16:57:15.561830+00:00,610.133,0,NVIDIA GeForce RTX 4070 SUPER,100,2,12209.8,12282.0,71.85,220.0,52,2775,10251,30,1748,0.0,0
2026-06-15T16:57:16.556081+00:00,611.133,0,NVIDIA GeForce RTX 4070 SUPER,100,3,12209.8,12282.0,55.12,220.0,51,2775,10251,30,1748,0.0,0
2026-06-15T16:57:17.558803+00:00,612.135,0,NVIDIA GeForce RTX 4070 SUPER,100,2,12209.8,12282.0,72.4,220.0,52,2775,10251,30,1748,0.0,0
2026-06-15T16:57:18.570837+00:00,613.139,0,NVIDIA GeForce RTX 4070 SUPER,100,3,12209.8,12282.0,56.31,220.0,52,2775,10251,30,1748,0.0,0
2026-06-15T16:57:19.618373+00:00,614.139,0,NVIDIA GeForce RTX 4070 SUPER,100,10,12209.8,12282.0,72.8,220.0,51,2775,10251,30,1748,0.0,0
2026-06-15T16:57:20.566102+00:00,615.139,0,NVIDIA GeForce RTX 4070 SUPER,100,3,12209.8,12282.0,62.66,220.0,52,2775,10251,30,1748,0.0,0
2026-06-15T16:57:21.604903+00:00,616.139,0,NVIDIA GeForce RTX 4070 SUPER,100,6,12209.8,12282.0,71.12,220.0,51,2655,10251,30,1748,0.0,0
2026-06-15T16:57:22.561499+00:00,617.14,0,NVIDIA GeForce RTX 4070 SUPER,100,2,12209.8,12282.0,105.22,220.0,53,2775,10251,30,1748,0.0,0
2026-06-15T16:57:23.567900+00:00,618.14,0,NVIDIA GeForce RTX 4070 SUPER,100,3,12209.8,12282.0,56.42,220.0,52,2775,10251,30,1748,0.0,0
2026-06-15T16:57:24.585016+00:00,619.14,0,NVIDIA GeForce RTX 4070 SUPER,100,10,12209.8,12282.0,72.69,220.0,62,2775,10251,30,1748,0.0,0
2026-06-15T16:57:25.571087+00:00,620.144,0,NVIDIA GeForce RTX 4070 SUPER,100,3,12209.8,12282.0,59.81,220.0,52,2775,10251,30,1748,0.0,0
2026-06-15T16:57:26.568149+00:00,621.144,0,NVIDIA GeForce RTX 4070 SUPER,100,3,12209.8,12282.0,56.11,220.0,51,2775,10251,30,1748,0.0,0
2026-06-15T16:57:27.573017+00:00,622.144,0,NVIDIA GeForce RTX 4070 SUPER,100,3,12209.8,12282.0,72.73,220.0,52,2775,10251,30,1748,0.0,0
2026-06-15T16:57:28.569969+00:00,623.144,0,NVIDIA GeForce RTX 4070 SUPER,100,3,12209.8,12282.0,55.21,220.0,51,2775,10251,30,1748,0.0,0
2026-06-15T16:57:29.567173+00:00,624.144,0,NVIDIA GeForce RTX 4070 SUPER,100,2,12209.8,12282.0,72.01,220.0,54,2775,10251,30,1748,0.0,0
2026-06-15T16:57:30.570491+00:00,625.144,0,NVIDIA GeForce RTX 4070 SUPER,100,3,12209.8,12282.0,57.1,220.0,52,2775,10251,30,1748,0.0,0
2026-06-15T16:57:31.563897+00:00,626.144,0,NVIDIA GeForce RTX 4070 SUPER,100,3,12209.8,12282.0,57.99,220.0,52,2670,10251,30,1748,0.0,0
2026-06-15T16:57:32.569679+00:00,627.144,0,NVIDIA GeForce RTX 4070 SUPER,100,0,12211.0,12282.0,71.14,220.0,52,2775,10251,30,1748,0.0,0
2026-06-15T16:57:33.570827+00:00,628.145,0,NVIDIA GeForce RTX 4070 SUPER,100,0,12212.9,12282.0,55.61,220.0,52,2775,10251,30,1748,0.0,0
2026-06-15T16:57:34.571810+00:00,629.145,0,NVIDIA GeForce RTX 4070 SUPER,100,3,12212.9,12282.0,55.05,220.0,51,2775,10251,30,1748,0.0,0
2026-06-15T16:57:35.567363+00:00,630.146,0,NVIDIA GeForce RTX 4070 SUPER,100,2,12213.6,12282.0,72.24,220.0,55,2775,10251,30,1748,0.0,0
2026-06-15T16:57:36.571719+00:00,631.146,0,NVIDIA GeForce RTX 4070 SUPER,100,2,12227.1,12282.0,56.52,220.0,52,2775,10251,30,1748,0.0,0
2026-06-15T16:57:37.573113+00:00,632.147,0,NVIDIA GeForce RTX 4070 SUPER,100,3,12242.9,12282.0,55.61,220.0,51,2775,10251,30,1748,0.0,0
2026-06-15T16:57:38.567212+00:00,633.148,0,NVIDIA GeForce RTX 4070 SUPER,0,0,12242.9,12282.0,80.73,220.0,51,2775,10251,30,1748,0.0,0
